1,AARTIPHARM,INE0LRU01027,336.8,20
2,PONNIERODE,INE838E01017,378.45,22.43
3,HDFCSENSEX,INF179KC1973,719.56,6
4,DEEPAKNTR,INE288B01029,1932.5,20
5,THANGAMAYL,INE085J01014,1651.1,20
6,NAVNETEDUL,INE060A01024,132.4,20
7,RELINFRA,INE036A01016,136.8,21.89
8,NFL,INE870D01012,72.65,21.35
9,JAYAGROGN,INE785A01026,229,20
10,ICICINV20,INF109KB1WY5,109.32,20
11,MARUTI,INE585B01010,9900.15,9
12,SWANENERGY,INE665A01038,248.05,21.09
13,ALBERTDAVD,INE155C01010,662.4,20
14,ASAHISONG,INE228I01012,228.75,20
15,KMSUGAR,INE157H01023,26.2,20
16,SIGIND,INE529F01035,47.1,100
17,YUKEN,INE384C01016,636.45,20
18,RAJESHEXPO,INE343B01030,532.35,20
19,IGPL,INE204A01010,499.9,20
20,BLUESTARCO,INE472A01039,790.75,20
21,SGBJAN29IX,IN0020200377,5794.71,10
22,ITI,INE248A01017,108,20
23,RUSTOMJEE,INE263M01029,608.75,20
24,BECTORFOOD,INE495P01012,829.15,20
25,SGBMAR25,IN0020160126,5840,10
26,MOVALUE,INF247L01BE5,55.97,20
27,INDIAGLYCO,INE560A01015,616.9,20
28,TRIGYN,INE948A01012,108.85,20
29,VSTTILLERS,INE764D01017,2855.6,20
30,SGBSEP27,IN0020190115,5821,10
31,SKYGOLD,INE01IU01018,268.8,100
32,SGBNOV25VI,IN0020170083,5754.04,10
33,RECLTD,INE020B01018,169.4,20
34,AXISCETF,INF846K016C7,85.48,20
35,IDFNIFTYET,INF194KA1U07,207.21,7.74
36,SGBAUG27,IN0020190107,5879.48,10
37,VERANDA,INE0IQ001011,181.95,20
38,JUBLINDS,INE645L01011,535.6,20
39,PASUPTAC,INE818B01023,33.2,20
40,CENTRUM,INE660C01027,20.3,20
41,SGBMAY26,IN0020180033,5800,10
42,FLUOROCHEM,INE09N301011,2762.45,20
43,DHUNINV,INE320L01011,704.65,20
44,STARPAPER,INE733A01018,173.15,20
45,CHEMPLASTS,INE488A01050,436.6,20
46,PAGEIND,INE761H01022,36295.3,20
47,GOKULAGRO,INE314T01025,105.85,20.91
48,RUSHIL,INE573K01017,297.9,21.79
49,EICHERMOT,INE066A01021,3253.05,11.04
50,VISHNU,INE270I01022,332.2,20
51,GUJALKALI,INE186A01019,681.65,20
52,NMDC,INE584A01023,108,20
53,KIRLOSENG,INE146L01010,411.9,20
54,DHANI,INE274G01010,31.3,23.94
55,MOIL,INE490G01020,189.7,20
56,ANANTRAJ,INE242C01024,184.5,20.62
57,CREATIVE,INE985W01018,480.85,20
58,TIINDIA,INE974X01010,3220.3,20
59,HDFCNIF100,INF179KC1DB7,193.83,8.18
60,CHAMBLFERT,INE085A01013,272.4,20
61,PLASTIBLEN,INE083C01022,198.9,20
62,KIRLPNU,INE811A01020,688.05,20
63,SGBNOV25,IN0020170091,5803,10
64,RUCHIRA,INE803H01014,113.35,20
65,JSWHL,INE824G01012,4556.7,20
66,HSCL,INE019C01026,131.25,20
67,RCF,INE027A01015,116.85,20
68,NATHBIOGEN,INE448G01010,219.3,20
69,SANDHAR,INE278H01035,366.25,20
70,NCC,INE868B01028,127.4,20
71,WELSPUNIND,INE192B01031,95.25,20
72,KECL,INE134B01017,130.5,100
73,STOVEKRAFT,INE00IN01015,441.35,20
74,MEDICAMEQ,INE646B01010,733.9,20
75,WALCHANNAG,INE711A01022,93.15,100
76,AXISHCETF,INF846K01Z12,90.96,20
77,VENUSPIPES,INE0JA001018,1180.3,20
78,TITAN,INE280A01028,3087.6,9.47
79,IFGLEXPOR,INE133Y01011,371,20
80,BASF,INE373A01013,2592.15,20
81,TV18BRDCST,INE886H01027,38.5,20.14
82,NAHARCAP,INE049I01012,283.9,20.21
83,HDFCBANK,INE040A01034,1648.4,9
84,HINDALCO,INE038A01020,424.65,14.17
85,LIQUIDBEES,INF732E01037,1000,10
86,POWERINDIA,INE07Y701011,4189.35,20
87,TATACONSUM,INE192A01025,840.3,9.12
88,SUBEXLTD,INE754A01055,28.5,21.38
89,VHL,INE701A01023,2860.95,20
90,MOMOMENTUM,INF247L01BK2,43.43,20
91,SGBMAR30X,IN0020210319,5912.08,10
92,TATVA,INE0GK401011,1780.45,20
93,TANLA,INE483C01032,1025.35,21.44
94,NPBET,INF277K010X4,232.2,8.26
95,RPPINFRA,INE324L01013,60.85,21.16
96,TORNTPHARM,INE685A01028,1941.6,20
97,ARMANFIN,INE109C01017,2242.5,20
98,INOXGREEN,INE510W01014,58.1,20
99,YESBANK,INE528G01035,17.2,20
100,ASAL,INE900C01027,429.3,22.84
101,MAHEPC,INE215D01010,113.55,20
102,COLPAL,INE259A01022,1798.7,20
103,ICICIPHARM,INF109KC1Q72,91.45,20
104,NRBBEARING,INE349A01021,214.75,20
105,ROSSARI,INE02A801020,866.45,20
106,SGBJUN30,IN0020220045,6003.9,10
107,SHRIRAMPPS,INE217L01019,65,20
108,SGBOCT25IV,IN0020170067,5802,10
109,IVP,INE043C01018,163.4,100
110,SHAKTIPUMP,INE908D01010,603.65,20
111,GANESHHOUC,INE460C01014,385.6,20
112,DMART,INE192R01011,3827.1,20
113,CORDSCABLE,INE792I01017,90.15,100
114,KAYA,INE587G01015,336.8,20
115,SANOFI,INE058A01010,6927.9,20
116,KAMOPAINTS,INE0BTI01029,300.05,20
117,SULA,INE142Q01026,481.05,20
118,TPLPLASTEH,INE413G01022,44.45,100
119,SARDAEN,INE385C01013,1586.25,20
120,INDUSTOWER,INE121J01017,164.9,20
121,AIROLAM,INE801L01010,90.35,20.62
122,RICOAUTO,INE209B01025,107.45,21.11
123,IDBIGOLD,INF397L01554,5395,20
124,UCOBANK,INE691A01018,28.3,20
125,IRIS,INE864K01010,77.3,20
126,JUNIORBEES,INF732E01045,466.99,6
127,KFINTECH,INE138Y01010,357.5,20
128,FORTIS,INE061F01013,332.1,20
129,LAMBODHARA,INE112F01022,143.9,100
130,GATI,INE152B01027,133.5,20
131,ICICIMCAP,INF109KB1XT3,111.98,6.4
132,SOUTHWEST,INE980Y01015,145.45,100
133,BERGEPAINT,INE463A01038,670.15,20
134,OIL,INE274J01014,254.25,20
135,SCHNEIDER,INE839M01018,281.6,20
136,ITC,INE154A01025,473.15,9
137,LICNETFGSC,INF767K01MV5,23.61,10
138,AARVI,INE754X01016,142.1,23.88
139,ORIENTBELL,INE607D01018,531.35,20
140,EMAMILTD,INE548C01032,419.95,20
141,ZUARIIND,INE217A01012,150.7,20
142,SPLIL,INE978G01016,66.05,24.63
143,AHL,INE00ZE01026,296.75,20
144,CONTROLPR,INE663B01015,645.15,20
145,EBBETF0431,INF754K01LE1,1149.64,6
146,IMFA,INE919H01018,338.9,20
147,PRIMESECU,INE032B01021,132.45,20
148,L&TFH,INE498L01015,133.05,20
149,PFS,INE560K01014,19.85,20
150,3MINDIA,INE470A01017,27972.4,20
151,CONFIPET,INE552D01024,77.5,20
152,GUJGASLTD,INE844O01030,480.6,20
153,SETF10GILT,INF200KA1JT1,217.24,10
154,WHIRLPOOL,INE716A01013,1458.45,20
155,SOTL,INE035D01020,291.85,20
156,HISARMETAL,INE598C01011,162.3,22.87
157,CONSUMBEES,INF204KA1LD7,92.51,20
158,VIDHIING,INE632C01026,384.6,20
159,BBTCL,INE01EE01011,236.55,20
160,ADVENZYMES,INE837H01020,283.65,20
161,AXSENSEX,INF846K010Q0,65.7,6
162,VTL,INE825A01020,366.85,20
163,ICICIB22,INF109KB15Y7,68.17,20
164,JYOTHYLAB,INE668F01031,236.15,20
165,INDIANB,INE562A01011,310.1,20
166,MANKIND,INE634S01028,1731.4,20
167,LAOPALA,INE059D01020,452.65,20
168,GMDCLTD,INE131A01031,167.75,20.01
169,SESHAPAPER,INE630A01024,290.6,20
170,ASTRAL,INE006I01046,1779.25,20
171,ICICIBANKN,INF109KC15I8,45.15,20
172,PGIL,INE940H01014,579.75,22.49
173,TINPLATE,INE422C01014,343.75,20
174,SONACOMS,INE073K01018,540.15,20
175,HAVELLS,INE176B01034,1307.65,20
176,INTELLECT,INE306R01017,597.85,20
177,MAITHANALL,INE683C01011,1088.75,20
178,OPTIEMUS,INE350C01017,235.2,24.63
179,SAFARI,INE429E01023,3053.65,20
180,KKCL,INE401H01017,627.25,20
181,SAHYADRI,INE280H01015,368.05,20
182,BALPHARMA,INE083D01012,94.85,20
183,PFIZER,INE182A01018,3791.55,20
184,SADHNANIQ,INE888C01040,101.6,20
185,MADRASFERT,INE414A01015,80.5,25.55
186,RESPONIND,INE688D01026,179.65,20.42
187,MCX,INE745G01035,1579.5,20
188,VENUSREM,INE411B01019,286.6,100
189,RAJSREESUG,INE562B01019,40.35,23.03
190,AARON,INE721Z01010,235.8,100
191,DRREDDY,INE089A01023,5165.85,9
192,BHAGCHEM,INE414D01019,1404.3,20
193,DREDGECORP,INE506A01018,366.8,20
194,BHANDARI,INE474E01029,4.75,23.03
195,CARERATING,INE752H01013,703.8,20
196,TVTODAY,INE038F01029,199.1,20
197,PGEL,INE457L01011,1547.35,20
198,PARSVNATH,INE561H01026,7.65,23.88
199,OSWALGREEN,INE143A01010,24,20
200,WEIZMANIND,INE080A01014,97.75,100
201,ARVIND,INE034A01011,138.15,20
202,APCOTEXIND,INE116A01032,536.1,20
203,DCMNVL,INE08KP01019,158.9,20
204,DCBBANK,INE503A01015,127.75,20
205,RACE,INE084Q01012,273.95,20
206,RADIANTCMS,INE855R01021,90.3,20
207,BIOCON,INE376G01013,254.2,20
208,BIRLACORPN,INE340A01012,1217.4,20
209,MAYURUNIQ,INE040D01038,519.45,20
210,SIMPLEXINF,INE059B01024,30.5,26.14
211,CHEMCON,INE03YM01018,271.4,20
212,VADILALIND,INE694D01016,3027.35,20.84
213,DCXINDIA,INE0KL801015,274.85,20
214,SIRCA,INE792Z01011,358.9,20
215,ANDHRAPAP,INE435A01028,423.5,20
216,GRMOVER,INE192H01020,169.8,20
217,PIIND,INE603J01030,3657.05,20
218,JHS,INE544H01014,23.05,100
219,INDUSINDBK,INE095A01012,1380.95,13.87
220,STERTOOLS,INE334A01023,360.15,22.97
221,TATAPOWER,INE245A01021,225.5,20
222,NAHARINDUS,INE289A01011,123.05,20
223,FILATEX,INE816B01035,38.45,20
224,BRITANNIA,INE216A01030,5083.9,9
225,MSTCLTD,INE255X01014,364.15,20
226,INDRAMEDCO,INE681B01017,110.6,100
227,AXISILVER,INF846K011K1,72.33,20
228,IOLCP,INE485C01011,376.5,20
229,SDL26BEES,INF204KC1022,114,20
230,HNDFDS,INE254N01026,552.55,20
231,SGBNOV258,IN0020170109,5859,10
232,SGBOCT27VI,IN0020190388,5773,10
233,ORISSAMINE,INE725E01024,4139.1,20
234,BPCL,INE029A01011,390.9,10.09
235,ROTO,INE535D01029,372.95,20
236,SGBDE30III,IN0020220110,5914.31,10
237,GULPOLY,INE255D01024,237.85,20
238,ABB,INE117A01022,4499.25,20
239,APTUS,INE852O01025,259,20
240,SBC,INE04AK01028,20.55,100
241,EIMCOELECO,INE158B01016,696.6,100
242,NITINSPIN,INE229H01012,264.8,20
243,GOLDBEES,INF204KB17I5,50.16,20
244,KOTAKPSUBK,INF373I01023,439.54,20
245,SGBSEP24,IN0020160043,5870,10
246,REFEX,INE056I01017,640.9,27.34
247,GEECEE,INE916G01016,175.5,20
248,ALPHAGEO,INE137C01018,279.15,20
249,CYBERTECH,INE214A01019,125.85,100
250,SOLARA,INE624Z01016,377.85,20
251,MOM50,INF247L01536,196.83,6
252,SHALBY,INE597J01018,177,20
253,CEATLTD,INE482A01020,2461,20
254,ANDREWYU,INE449C01025,24.9,20
255,NSLNISP,INE0NNS01018,44.3,20
256,SGBOCT25V,IN0020170075,5940,10
257,MRF,INE883A01011,101930.2,20
258,APOLLOPIPE,INE126J01016,711.55,20
259,UTIBANKETF,INF789F1AUV1,45.51,20
260,SGBJUN28,IN0020200104,5818.03,10
261,VALIANTORG,INE565V01010,507.8,20.05
262,SYNGENE,INE398R01022,762.1,20
263,INFOBEAN,INE344S01016,503.85,20
264,ACC,INE012A01025,1783.25,20
265,SIYSIL,INE076B01028,562.55,20
266,GOLDSHARE,INF789F1AUX7,50.25,20
267,ONEPOINT,INE840Y01029,21.35,100
268,GRINDWELL,INE536A01023,2149.35,20
269,SHREECEM,INE070A01015,23955.35,20
270,PHARMABEES,INF204KC1089,14.07,20
271,NEOGEN,INE136S01016,1609.75,20
272,CLEAN,INE227W01023,1323.95,20
273,GRSE,INE382Z01011,616.3,21.58
274,TVSELECT,INE236G01019,417.35,23.73
275,SUKHJITS,INE450E01011,421.2,20
276,SPECIALITY,INE247M01014,225.8,20.42
277,JINDALPHOT,INE796G01012,345.2,23.4
278,NECCLTD,INE553C01016,19.15,25.27
279,KILITCH,INE729D01010,190,100
280,ICICIFIN,INF109KC17L8,19.36,20
281,ROLEXRINGS,INE645S01016,2183.95,20
282,WENDT,INE274C01019,10262.75,20
283,HCLTECH,INE860A01027,1114.9,9.13
284,JUBLPHARMA,INE700A01033,394.8,20
285,TIMKEN,INE325A01013,3384.35,20
286,SGBMAR28X,IN0020190552,5850,10
287,ASPINWALL,INE991I01015,234.7,22.77
288,IIFL,INE530B01024,538.25,20
289,AYMSYNTEX,INE193B01039,77.35,20
290,GOKUL,INE020J01029,30.4,20.65
291,PRITI,INE974Z01015,219.5,21.63
292,SALZERELEC,INE457F01013,342.4,21.87
293,AAREYDRUGS,INE198H01019,32.7,20
294,NIITLTD,INE161A01038,81.2,20
295,KAYNES,INE918Z01012,1662.3,20
296,RAMKY,INE874I01013,391.4,21.65
297,ADORWELD,INE045A01017,1255.35,20
298,STARCEMENT,INE460H01021,148.3,20
299,SPARC,INE232I01014,230.25,20
300,SGBJUL25,IN0020170034,5875,10
301,TI,INE133E01013,148.65,20
302,REPRO,INE461B01014,784.75,20.82
303,EXIDEIND,INE302A01020,252.5,20
304,ICICI5GSEC,INF109KC14A8,52.85,10
305,ACCURACY,INE648Z01023,10.5,100
306,KIRLFER,INE884B01025,500.3,20
307,THERMAX,INE152A01029,2272.05,20
308,INDOCO,INE873D01024,322.65,20
309,DMCC,INE505A01010,309.45,20
310,PALREDTEC,INE218G01033,154.5,23.92
311,VAISHALI,INE972X01014,122.4,20.65
312,WINDMACHIN,INE052A01021,57.25,100
313,DECCANCE,INE583C01021,498.25,20
314,GOKEX,INE887G01027,510.85,20
315,GILLETTE,INE322A01010,5303.2,20
316,DHAMPURSUG,INE041A01016,266.2,20
317,MODISONLTD,INE737D01021,75.85,20
318,IVC,INE050B01023,8.35,20
319,MOTILALOFS,INE338I01027,742.05,20
320,SGBOCT27,IN0020190370,5801.51,10
321,PROZONINTU,INE195N01013,25.65,21.39
322,SHANTIGEAR,INE631A01022,462.9,20
323,RBL,INE244J01017,876,20
324,JSWSTEEL,INE019A01038,797.4,11.67
325,TDPOWERSYS,INE419M01027,243.55,21.14
326,BAJAJHLDNG,INE118A01012,7177.2,20
327,TTML,INE517B01013,74.35,24.06
328,M&MFIN,INE774D01024,325.9,20
329,JAYSREETEA,INE364A01020,90.15,20
330,ICICISENSX,INF346A01034,727.75,6
331,EMAMIREAL,INE778K01012,68.3,20
332,GSLSU,INE0JSX01015,196.8,20
333,GANESHBE,INE388A01029,147.6,20
334,ORICONENT,INE730A01022,23.2,100
335,MANGALAM,INE584F01014,109.55,20
336,ROHLTD,INE283H01019,323.4,22.69
337,KNRCON,INE634I01029,250.3,20
338,MALLCOM,INE389C01015,1084,20
339,ITDC,INE353K01014,329.55,20
340,NAVKARCORP,INE278M01019,57.45,23.44
341,CTE,INE627H01017,68.4,100
342,IFCI,INE039A01010,12.8,20.41
343,HATHWAY,INE982F01036,15.2,20
344,SUTLEJTEX,INE645H01027,48.25,20
345,SHREYAS,INE757B01015,371.35,24.14
346,SMARTLINK,INE178C01020,166.25,20
347,TATASTLLP,INE674A01014,703.05,20
348,SASKEN,INE231F01020,961.8,20
349,RAIN,INE855B01025,166.45,20
350,DISHTV,INE836F01026,18.2,25.5
351,IRFC,INE053F01010,32.9,20
352,ALLSEC,INE835G01018,522.2,20
353,STYLAMIND,INE239C01020,1501.1,20
354,WIPRO,INE075A01022,392.05,9
355,JTLIND,INE391J01024,356.2,20
356,ATUL,INE100A01010,6518.35,20
357,GMRINFRA,INE776C01039,44.6,20
358,MONTECARLO,INE950M01013,798.7,20
359,NEWGEN,INE619B01017,619.1,20
360,NIACL,INE470Y01017,119.85,20
361,DIVISLAB,INE361B01024,3641.45,12.29
362,RSWM,INE611A01016,194.6,20
363,KPIGREEN,INE542W01017,868.9,23.73
364,MTNL,INE153A01019,19.45,21.09
365,PREMIERPOL,INE309M01012,116.25,100
366,ASTERDM,INE914M01019,311.9,20
367,INDIANHUME,INE323C01030,240,20
368,SHARDACROP,INE221J01015,544.6,20
369,CENTURYTEX,INE055A01016,895.2,20
370,GULFPETRO,INE586G01017,41.55,20
371,SGBAPR28I,IN0020200062,5870,10
372,FAZE3Q,INE963C01033,401.45,20
373,ICICITECH,INF109KC16I6,30.73,20
374,SWSOLAR,INE00M201021,287.55,20
375,ABSLAMC,INE404A01024,376.75,20
376,RAMASTEEL,INE230R01035,34.35,20.77
377,HDFC,INE001A01036,2747.35,9.24
378,AARTIDRUGS,INE767A01016,467.75,20
379,ELDEHSG,INE668G01021,774.65,20
380,BANKBEES,INF204KB15I9,456.07,20
381,IDFC,INE043D01016,114.8,20
382,SWELECTES,INE409B01013,466.35,21.34
383,BIRLAMONEY,INE865C01022,64.2,20
384,DIVOPPBEES,INF204KA1MS3,54.41,20
385,MURUDCERA,INE692B01014,40.25,100
386,ICEMAKE,INE520Y01019,399.25,21.79
387,SGBAUG29V,IN0020210129,5857.95,10
388,MAXVIL,INE154U01015,207.7,20.13
389,VINYLINDIA,INE250B01029,508.45,24.42
390,TCIEXP,INE586V01016,1512.1,20
391,TRENT,INE849A01020,1693.05,20
392,EBBETF0430,INF754K01KO2,1286.88,6
393,ALANKIT,INE914E01040,12.2,21.81
394,MFSL,INE180A01020,819.2,20
395,GLS,INE03Q201024,597.35,20
396,DIVGIITTS,INE753U01022,919.3,20
397,USK,INE0N0Y01013,29.8,20
398,CANTABIL,INE068L01016,1026,20
399,FINCABLES,INE235A01022,821.95,20
400,PVRINOX,INE191H01014,1426.45,20
401,TATACHEM,INE092A01019,992.25,20
402,ORIENTABRA,INE569C01020,39.2,20
403,UFO,INE527H01019,81.9,20
404,KAJARIACER,INE217B01036,1268.1,20
405,BHAGERIA,INE354C01027,156.75,20
406,SILVERBEES,INF204KC1402,70,20
407,APLLTD,INE901L01018,657.6,20
408,CAPLIPOINT,INE475E01026,814.55,20
409,SGBNV29VII,IN0020210178,5803.41,10
410,ARVSMART,INE034S01021,355.4,20
411,POLYCAB,INE455K01017,3774.8,20
412,IMPAL,INE547E01014,789.3,20
413,BSOFT,INE836A01035,355.15,20
414,AJANTPHARM,INE031B01049,1400.7,20
415,HAL,INE066F01012,3917.45,20
416,ALKALI,INE773I01017,112.1,100
417,GEPIL,INE878A01011,158.55,20
418,MANALIPETC,INE201A01024,66.85,20
419,ACI,INE128X01021,534.5,20
420,HONAUT,INE671A01010,43922.2,20
421,SIEMENS,INE003A01024,3766.6,20
422,MAZDOCK,INE249Z01012,1591.85,22.71
423,SILVERTUC,INE625X01018,378.9,20
424,HINDCOPPER,INE531E01026,118.85,20
425,TRIDENT,INE064C01022,33.25,20
426,SGBJUN29II,IN0020210061,5808.36,10
427,SARLAPOLY,INE453D01025,44.6,20
428,AUBANK,INE949L01017,763.55,20
429,TIDEWATER,INE484C01030,1049.35,20
430,AIRAN,INE645W01026,18.1,20
431,MOREPENLAB,INE083A01026,29.9,20.02
432,SDL24BEES,INF204KB18W4,114.42,20
433,SGBAUG24,IN0020160027,5923.97,10
434,KDDL,INE291D01011,1476.05,20.51
435,IIFLSEC,INE489L01022,63,20
436,SHYAMCENT,INE979R01011,19.7,20
437,SAH,INE035801013,97.8,20
438,CREST,INE559D01011,224.65,20
439,UPL,INE628A01036,644.25,10.77
440,SGBJUL27,IN0020190081,5848.99,10
441,MARKSANS,INE750C01026,93.5,20
442,SHREYANIND,INE231C01019,191.8,100
443,SAREGAMA,INE979A01025,396.95,20
444,DAAWAT,INE818H01020,129.3,20
445,SHIVAMAUTO,INE637H01024,26.55,20
446,LINC,INE802B01019,668.2,20.53
447,INDOBORAX,INE803D01021,127.5,20
448,AETHER,INE0BWX01014,1045.9,20
449,DCAL,INE385W01011,139.25,21.51
450,SHOPERSTOP,INE498B01024,818.25,20
451,BANARISUG,INE459A01010,2735,20
452,HCC,INE549A01026,20.45,26.78
453,MAXIND,INE0CG601016,143.75,20
454,POLICYBZR,INE417T01026,696.35,20
455,CENTURYPLY,INE348B01021,673.5,20
456,HDFCLIFE,INE795G01014,672.55,11.83
457,BAJAJELEC,INE193E01025,1223.6,20
458,CLSEL,INE419D01026,166.75,20
459,NDRAUTO,INE07OG01012,965.6,100
460,NELCO,INE045B01015,764.5,20
461,RSYSTEMS,INE411H01032,423.7,20
462,ATULAUTO,INE951D01028,335.55,20
463,NETF,INF277K015R5,203.15,7.44
464,ECLERX,INE738I01010,1772.25,20
465,HIKAL,INE475B01022,310.55,20
466,NAUKRI,INE663F01024,4402.4,20
467,APARINDS,INE372A01015,3398.8,22.85
468,TRITURBINE,INE152M01016,389.85,20
469,SOUTHBANK,INE683A01023,21.2,20
470,JAIBALAJI,INE091G01018,88.2,100
471,MEGASOFT,INE933B01012,29.9,24.54
472,HOMEFIRST,INE481N01025,794.2,20
473,PUNJABCHEM,INE277B01014,871.55,20
474,HARDWYN,INE626Z01029,42.5,23.96
475,KRITI,INE479D01038,126.7,20.57
476,ALOKINDS,INE270A01029,15.9,21.16
477,SHARIABEES,INF732E01128,421.77,20
478,YAARI,INE126M01010,11.45,100
479,NILKAMAL,INE310A01015,2409.1,20
480,HCL-INSYS,INE236A01020,13.8,20
481,EVERESTIND,INE295A01018,862.15,20
482,SAKUMA,INE190H01024,13.75,22.12
483,DENORA,INE244A01016,1881.55,26.01
484,GREENPOWER,INE999K01014,11.15,24.33
485,BODALCHEM,INE338D01028,73.85,20
486,PEL,INE140A01024,937.95,20
487,COMPUSOFT,INE453B01029,21.1,23
488,GMMPFAUDLR,INE541A01023,1490,20
489,DBOL,INE0I3401014,167.85,20
490,SUMICHEM,INE258G01013,416.85,20
491,APLAPOLLO,INE702C01027,1316.8,20
492,GOODLUCK,INE127I01024,447.95,20
493,TREJHARA,INE00CA01015,68.85,100
494,PATINTLOG,INE529D01014,14.35,20.93
495,MAWANASUG,INE636A01039,97.6,21.7
496,LIBERTSHOE,INE557B01019,235.5,21.5
497,JAYNECOIND,INE854B01010,22.85,20
498,KTKBANK,INE614B01018,197.4,20
499,ORIENTCEM,INE876N01018,138.35,20
500,RAYMOND,INE301A01014,1802.3,20.09
501,ASIANENE,INE276G01015,142.65,100
502,POLYPLEX,INE633B01018,1305.8,20
503,MUNJALSHOW,INE577A01027,144,20
504,KOPRAN,INE082A01010,177.05,21.96
505,BOMDYEING,INE032A01023,113.9,20.14
506,GIPCL,INE162A01010,112.75,20
507,SGBJUL28IV,IN0020200146,5850.24,10
508,STEELXIND,INE503B01021,14.6,20.18
509,TRIVENI,INE256C01024,276.1,20
510,VAKRANGEE,INE051B01021,16.25,20.91
511,IFBAGRO,INE076C01018,565.1,20
512,PSPPROJECT,INE488V01015,730.75,20
513,JASH,INE039O01011,1220.65,20
514,SGBOCT25,IN0020170059,5840,10
515,MASTEK,INE759A01021,1961.6,20
516,CARTRADE,INE290S01011,555.95,20
517,PILITA,INE600A01035,9.15,100
518,PERSISTENT,INE262H01013,4717.9,20
519,LODHA,INE670K01029,661.8,20
520,RADICO,INE944F01028,1332.8,20
521,PANACEABIO,INE922B01023,125,20
522,HARRMALAYA,INE544A01019,134.85,20
523,RTNINDIA,INE834M01019,39.9,21.3
524,GALAXYSURF,INE600K01018,2598.1,20
525,VASCONEQ,INE893I01013,44.5,22.66
526,NURECA,INE0DSF01015,356.75,100
527,SGBD29VIII,IN0020210228,5818.7,10
528,DSPSILVETF,INF740KA1RE3,70.08,20
529,BALAXI,INE618N01014,514.8,20
530,CHEMFAB,INE783X01023,315.2,20.98
531,HBLPOWER,INE292B01021,161.6,22.34
532,APCL,INE071F01012,179.35,20
533,NATCOPHARM,INE987B01026,673.3,20
534,BANDHANBNK,INE545U01014,222.75,20
535,SGBAUG28V,IN0020200161,5891.29,10
536,HDFCNIFIT,INF179KC1DX1,296.94,20
537,MGL,INE002S01010,1112,20
538,MAHABANK,INE457A01014,31.7,20
539,GODREJIND,INE233A01035,496.25,20
540,SHRIRAMFIN,INE721A01013,1760.7,20
541,FEDERALBNK,INE171A01029,135,20
542,DOLLAR,INE325C01035,375.05,20
543,WHEELS,INE715A01015,815,20
544,BFUTILITIE,INE243D01012,379.1,20
545,TRIL,INE763I01026,100.25,24.9
546,SGBMAY25,IN0020170018,5820.06,10
547,ONWARDTEC,INE229A01017,503.35,21.6
548,SGBMAR24,IN0020150119,5805,10
549,BOROLTD,INE02PY01013,414.2,20
550,HDFCSILVER,INF179KC1DI2,69.9,20
551,ALKYLAMINE,INE150B01039,2502.25,20
552,PETRONET,INE347G01014,230.3,20
553,LAXMIMACH,INE269B01029,13580.6,20
554,ESCORTS,INE042A01014,2294.9,20
555,ORBTEXP,INE231G01010,182.1,100
556,FCL,INE045J01026,284.2,20.75
557,BORORENEW,INE666D01022,483.6,20
558,SETFNIF50,INF200KA1FS1,201.82,6
559,SGBN28VIII,IN0020200286,5831.92,10
560,GREENPANEL,INE08ZM01014,351.25,20
561,OMINFRAL,INE239D01028,48.9,100
562,ABSLBANETF,INF209KB17D5,45.11,20
563,NOCIL,INE163A01018,207.95,20
564,CGPOWER,INE067A01029,399.05,20
565,TARC,INE0EK901012,64.3,20
566,SELAN,INE818A01017,350.85,21.3
567,AUTOIND,INE718H01014,68.55,20.85
568,RUBYMILLS,INE301D01026,221.15,22.86
569,DIAMONDYD,INE393P01035,784.6,20
570,TCPLPACK,INE822C01015,1450.45,20.54
571,PRAKASH,INE603A01013,80,20
572,GTPL,INE869I01013,115.6,20
573,SMLT,INE017W01010,281.55,100
574,CHOLAFIN,INE121A01024,1132,20
575,MONARCH,INE903D01011,281.45,23.81
576,SHARDAMOTR,INE597I01028,833.5,20
577,ABSLNN50ET,INF209KB16D7,45.39,6.55
578,SETFNN50,INF200KA1598,462.31,6.09
579,SEQUENT,INE807F01027,88.15,20.87
580,AJOONI,INE820Y01021,4.4,100
581,M&M,INE101A01026,1569.45,10.32
582,UNOMINDA,INE405E01023,581.8,20
583,TIRUPATIFL,INE319Y01024,7.3,100
584,UGARSUGAR,INE071E01023,125.2,21.34
585,JWL,INE209L01016,172.15,22.9
586,NACLIND,INE295D01020,88,20
587,AVTNPL,INE488D01021,88.85,20
588,GLOBAL,INE291W01029,168.25,100
589,RGL,INE722H01024,105.6,20
590,GRPLTD,INE137I01015,3615.5,100
591,MMTC,INE123F01029,32.45,20
592,AUTOAXLES,INE449A01011,2202.95,20
593,ELGIEQUIP,INE285A01027,545.5,20.32
594,IZMO,INE848A01014,193.9,100
595,TOKYOPLAST,INE932C01012,94.15,20
596,MID150BEES,INF204KB1V68,138.39,6.08
597,RML,INE050H01012,665.1,20.72
598,FOODSIN,INE976E01023,184.75,20
599,KRITINUT,INE798K01010,60.45,20
600,SDBL,INE480C01020,309.3,21.56
601,JCHAC,INE782A01015,1049.75,20
602,TIPSFILMS,INE0LQS01015,502.75,22.5
603,PGHH,INE179A01014,14712.45,20
604,SANSERA,INE953O01021,904.15,20
605,RPGLIFE,INE105J01010,939.15,20
606,ESSARSHPNG,INE122M01019,11.35,100
607,HIL,INE557A01011,2941.05,20
608,ASTRON,INE646X01014,25.1,20
609,CANBK,INE476A01014,332.3,20
610,TVSMOTOR,INE494B01023,1342.9,20
611,PNCINFRA,INE195J01029,347.9,20
612,VISHAL,INE755Q01025,16.75,20
613,GAEL,INE036B01030,237,20
614,MUNJALAU,INE672B01032,54.05,20
615,UNICHEMLAB,INE351A01035,384.3,20
616,ESTER,INE778B01029,110.25,20
617,SRF,INE647A01010,2175.35,20
618,TIPSINDLTD,INE716B01029,274.4,20
619,DSPN50ETF,INF740KA1CL0,198,6
620,GEOJITFSL,INE007B01023,47.35,20
621,SEPC,INE964H01014,10.55,25.56
622,CHALET,INE427F01016,449.35,20
623,MAMFGETF,INF769K01IB1,94.34,20
624,BANKINDIA,INE084A01016,77.65,20
625,ARIES,INE298I01015,166.4,20
626,ZYDUSLIFE,INE010B01027,584.85,20
627,GABRIEL,INE524A01029,203,20
628,DCMSRIND,INE843D01027,83.1,20
629,KARURVYSYA,INE036D01028,128.95,20
630,ADANIENT,INE423A01024,2422.9,31.05
631,GODFRYPHLP,INE260B01028,1661.6,20
632,EIFFL,INE546V01010,166.4,20
633,SATINDLTD,INE065D01027,100.55,20
634,SBCL,INE386D01027,678.7,21.8
635,SOBHA,INE671H01015,562.4,20
636,DATAMATICS,INE365B01017,610.05,21.6
637,PGHL,INE199A01012,5073.35,20
638,PAYTM,INE982J01020,806.75,20
639,CDSL,INE736A01011,1200.05,20
640,MUTHOOTFIN,INE414G01012,1270.85,20
641,GARFIBRES,INE276A01018,3149.4,20
642,HDFCVALUE,INF179KC1DK8,101,20
643,MAHLIFE,INE813A01018,483.4,20
644,JKTYRE,INE573A01042,250,20
645,NAHARSPING,INE290A01027,262.9,20
646,UBL,INE686F01025,1484.45,20
647,SGBFEB24,IN0020150101,5894.99,10
648,WESTLIFE,INE274F01020,877.7,20
649,BFINVEST,INE878K01010,383.25,20.89
650,COFORGE,INE591G01017,4696.95,20
651,HNGSNGBEES,INF204KB19I1,276.59,9.37
652,AAVAS,INE216P01012,1552.8,20
653,ENGINERSIN,INE510A01028,120.2,20
654,KELLTONTEC,INE164B01022,73.25,20
655,RAJMET,INE00KV01022,9.95,100
656,AFFLE,INE00WC01027,1070.15,20
657,VAIBHAVGBL,INE884A01027,304.25,20
658,WSTCSTPAPR,INE976A01021,486.7,20
659,IRISDOREME,INE01GN01017,438.1,20
660,KPRMILL,INE930H01031,622.55,20
661,EMKAY,INE296H01011,75.75,20
662,TFCILTD,INE305A01015,84.25,20
663,MHRIL,INE998I01010,307.8,20
664,MARINE,INE01JE01028,57.5,20.47
665,EIHAHOTELS,INE276C01014,513.5,20
666,ONGC,INE213A01029,164.6,11.78
667,KOTAKNV20,INF174K01Z71,111.51,20
668,SARVESHWAR,INE324X01018,69,20
669,ASHAPURMIN,INE348A01023,118.65,22.63
670,GODREJCP,INE102D01028,1061.85,20
671,ZODIACLOTH,INE206B01013,101.1,20
672,LGBBROSLTD,INE337A01034,1194.55,20
673,ANGELONE,INE732I01013,1740.45,20
674,MOGSEC,INF247L01AK4,52.33,10
675,ZFCVINDIA,INE342J01019,12021.4,20
676,HITECHCORP,INE120D01012,222.05,100
677,HEROMOTOCO,INE158A01026,3102.6,9.78
678,MAM150ETF,INF769K01IC9,13.62,6
679,IONEXCHANG,INE570A01022,505.85,20
680,DHARMAJ,INE00OQ01016,170.4,20
681,GODREJPROP,INE484J01027,1599.35,20
682,JPASSOCIAT,INE455F01025,8.25,22.96
683,SBIETFCON,INF200KA1X17,85.54,20
684,RBA,INE07T201019,112.05,20
685,EVEREADY,INE128A01029,340.45,20
686,IGL,INE203G01027,486.75,20
687,GICRE,INE481Y01014,189,20
688,KOTHARIPET,INE720A01015,79.3,20
689,DPWIRES,INE864X01013,560.55,20.69
690,APOLLOHOSP,INE437A01024,5257,11.39
691,IPL,INE0D6701023,222,20
692,NAHARPOLY,INE308A01027,243.7,22.07
693,KEC,INE389H01022,585.4,20
694,SAIL,INE114A01011,90,20
695,SPIC,INE147A01011,69.65,21.85
696,KSOLVES,INE0D6I01015,1072.45,20
697,MASFIN,INE348L01012,760.6,20
698,LICHSGFIN,INE115A01026,392.85,20
699,INDIGO,INE646L01027,2703.75,20
700,TATASTEEL,INE081A01020,115.15,12.71
701,NSIL,INE023A01030,2478.45,20
702,SGBMAY29I,IN0020210053,5806.04,10
703,IDBI,INE008A01015,58.8,20
704,WORTH,INE196Y01018,94.5,20
705,REPL,INE364Z01019,181.2,20
706,SGBJAN26,IN0020170166,5781.01,10
707,ZENSARTECH,INE520A01027,387.9,20
708,SUPERHOUSE,INE712B01010,209.5,21.27
709,AXISGOLD,INF846K01W80,50.3,20
710,SMSPHARMA,INE812G01025,92.95,20
711,FIEMIND,INE737H01014,1834.25,20
712,MEDPLUS,INE804L01022,834.75,20
713,CARYSIL,INE482D01024,711.6,20
714,OSWALAGRO,INE142A01012,30.05,22.4
715,PIXTRANS,INE751B01018,982.6,20
716,ANDHRSUGAR,INE715B01021,110.3,20
717,SHK,INE500L01026,116.05,20
718,NUVOCO,INE118D01016,353.5,20
719,CUB,INE491A01021,128.95,20
720,AGSTRA,INE583L01014,57.65,20
721,FIVESTAR,INE128S01021,654.95,20
722,SAGCEM,INE229C01021,202.2,20
723,JAYBARMARU,INE571B01028,296.85,20.74
724,MENONBE,INE071D01033,141.95,20
725,JINDWORLD,INE247D01039,322.4,20.33
726,RVNL,INE415G01027,120.95,21.97
727,SATIN,INE836B01017,174.4,20
728,DHANBANK,INE680A01011,19.05,20
729,SUMMITSEC,INE519C01017,805.9,20
730,BAJAJFINSV,INE918I01026,1592.4,11.82
731,AURUM,INE898S01029,126.55,20
732,NEULANDLAB,INE794A01010,2998.2,23.22
733,BEML,INE258A01016,1613.85,20
734,GPPL,INE517F01014,122.2,20
735,SUNDARMFIN,INE660A01013,2629.6,20
736,JINDALPOLY,INE197D01010,651.7,20
737,EBBETF0425,INF754K01LD3,1139.77,6
738,KUANTUM,INE529I01021,192.85,20.04
739,V2RETAIL,INE945H01013,138.9,100
740,RBLBANK,INE976G01028,193.9,20.04
741,HEALTHY,INF209KB10C2,9.14,20
742,FINOPB,INE02NC01014,279.2,20
743,OLECTRA,INE260D01016,1317.2,22.91
744,APOLSINHOT,INE451F01024,1369.2,100
745,MINDACORP,INE842C01021,301.85,20
746,LUMAXIND,INE162B01018,2275.75,20
747,VINATIORGA,INE410B01037,1810.1,20
748,RELIANCE,INE002A01018,2764.7,9.22
749,IMAGICAA,INE172N01012,49.1,26.41
750,ANURAS,INE930P01018,986.15,20
751,AHLUCONT,INE758C01029,673.3,20
752,TALBROAUTO,INE187D01011,800.7,20
753,DEEPAKFERT,INE501A01019,609.2,20
754,HAPPSTMNDS,INE419U01012,994.6,20
755,UNIPARTS,INE244O01017,593.7,20
756,SFL,INE916U01025,1184.05,20
757,IWEL,INE0FLR01028,2443.5,20.03
758,JOCIL,INE839G01010,190.55,20
759,SUVENPHAR,INE03QK01018,484.85,20
760,KOTAKBANK,INE237A01028,1866.6,9
761,MOLDTECH,INE835B01035,239.8,26.36
762,INFY,INE009A01021,1348.6,9.85
763,GNA,INE934S01014,909.7,20
764,MAESGETF,INF769K01GS9,31.18,20
765,RAMCOIND,INE614A01028,169.15,20
766,MAGADSUGAR,INE347W01011,412.25,20
767,IFBIND,INE559A01017,832.45,20
768,MANAKALUCO,INE859Q01017,23.6,21.35
769,SHAREINDIA,INE932X01018,1246.8,20
770,DHANUKA,INE435G01025,775.9,20
771,SHANKARA,INE274V01019,738.15,20
772,ICICICONSU,INF109KC1V42,85.54,20
773,LATENTVIEW,INE0I7C01011,369.85,20
774,VARROC,INE665L01035,350.2,20
775,UDAICEMENT,INE225C01029,26.05,20
776,KANSAINER,INE531A01024,305.25,20
777,MOKSH,INE514Y01020,11.15,20
778,SBIN,INE062A01020,588.55,10.05
779,ICICIGOLD,INF109KC1NT3,51.68,20
780,DELTACORP,INE124G01033,246.7,20
781,LINDEINDIA,INE473A01011,4430.8,20
782,INDIANCARD,INE061A01014,227,20
783,AXISBNKETF,INF846K01X63,454.81,20
784,CAMLINFINE,INE052I01032,158.65,20
785,ELECTHERM,INE822G01016,80.15,100
786,PRESTIGE,INE811K01011,583.1,20
787,DICIND,INE303A01010,464.55,20
788,GRASIM,INE047A01021,1767.7,9.21
789,NHPC,INE848E01016,46.85,20
790,SHILPAMED,INE790G01031,302.25,20
791,ARIHANTCAP,INE420B01036,39.3,20
792,INTLCONV,INE575C01027,76.25,20
793,DYNPRO,INE256H01015,279.7,21.95
794,NGLFINE,INE887E01022,1960.2,20
795,TECHM,INE669C01036,1161.45,11.03
796,SGBDEC2513,IN0020170158,5890,10
797,REDINGTON,INE891D01026,189.15,20
798,ALKEM,INE540L01014,3514.05,20
799,TNPL,INE107A01015,214.05,20
800,MAGOLDETF,INF769K01JP9,59,20
801,NTPC,INE733E01010,192.4,9
802,ICICIALPLV,INF109KC1N59,197.37,20
803,PIDILITIND,INE318A01026,2638.85,20
804,HERITGFOOD,INE978A01027,221.45,20
805,RENUKA,INE087H01022,43.15,21.09
806,GANECOS,INE845D01014,1039.2,20
807,JINDALSAW,INE324A01024,314.75,20.24
808,NECLIFE,INE023H01027,21.25,20
809,LICI,INE0J1Y01017,621.8,20
810,IBULHSGFIN,INE148I01020,123.65,20.11
811,UNIENTER,INE037A01022,167.65,20
812,PPLPHARMA,INE0DK501011,91.8,20
813,HDFCMID150,INF179KC1FA4,135.8,6.41
814,CENTUM,INE320B01020,1352.1,23.4
815,ASTEC,INE563J01010,1311,20
816,PRAKASHSTL,INE696K01024,4.4,28.71
817,SUNFLAG,INE947A01014,202.95,22.17
818,HMVL,INE871K01015,61.25,100
819,SAKHTISUG,INE623A01011,24.75,24.53
820,JBCHEPHARM,INE572A01028,2449.75,20
821,LINCOLN,INE405C01035,409.15,20
822,SGBNOV26,IN0020180314,5775,10
823,SGBSEP28VI,IN0020200195,5860.03,10
824,RELAXO,INE131B01039,906.05,20
825,SGBDEC25,IN0020170125,5822.01,10
826,JAMNAAUTO,INE039C01032,111.4,20
827,HINDWAREAP,INE05AN01011,546.2,20.37
828,RAMRAT,INE207E01023,292.45,20
829,KABRAEXTRU,INE900B01029,441.8,22.42
830,MANGLMCEM,INE347A01017,306.05,20
831,CMSINFO,INE925R01014,378.4,20
832,SASTASUNDR,INE019J01013,287,20
833,INFRABEES,INF732E01268,609.05,20
834,ARVINDFASN,INE955V01021,348.2,20
835,JAICORPLTD,INE070D01027,174.55,20
836,SBICARD,INE018E01016,834.3,20
837,JINDRILL,INE742C01031,382.7,21.56
838,TEGA,INE011K01018,1006.45,20
839,PHOENIXLTD,INE211B01039,1573.6,20
840,VLSFINANCE,INE709A01018,161.45,20
841,AUROPHARMA,INE406A01037,736.4,20
842,HINDMOTORS,INE253A01025,14.35,20
843,CERA,INE739E01017,7269.25,20
844,KOTAKMID50,INF174KA1IB3,103.54,7.86
845,BBETF0432,INF754K01OB1,1078.53,6
846,GATEWAY,INE079J01017,71.2,20
847,SUPRAJIT,INE399C01030,434.55,20
848,INDNIPPON,INE092B01025,431.05,20
849,ORIENTPPR,INE592A01026,41.55,20
850,HINDUNILVR,INE030A01027,2684.5,9
851,LUPIN,INE326A01037,914.2,20
852,TIRUMALCHM,INE338A01024,194.5,20
853,JSWISPL,INE743C01021,37.1,20
854,HERCULES,INE688E01024,260.65,20
855,ITBEES,INF204KB15V2,30.81,20
856,VRLLOG,INE366I01010,699.65,20
857,SETFGOLD,INF200KA16D8,51.57,20
858,AURIONPRO,INE132H01018,985.1,100
859,AHLADA,INE00PV01013,111.6,20.31
860,DPABHUSHAN,INE266Y01019,272.15,20
861,SUDARSCHEM,INE659A01023,483.3,20
862,NUCLEUS,INE096B01018,1075.3,23.07
863,AAKASH,INE087Z01024,6.05,100
864,BSLSENETFG,INF209KB10E8,63.73,6
865,LAURUSLABS,INE947Q01028,356.8,20
866,SUPREMEIND,INE195A01028,3189.8,20
867,TEMBO,INE869Y01010,231.35,100
868,LTIM,INE214T01019,4924.25,20
869,AMARAJABAT,INE885A01032,679.45,20
870,IBREALEST,INE069I01010,62.95,23.95
871,KAMDHENU,INE390H01012,313.5,20.22
872,KSB,INE999A01015,2070.5,20
873,SYMPHONY,INE225D01027,886.2,20
874,ATFL,INE209A01019,854.5,20
875,ARTEMISMED,INE025R01021,122.15,20.41
876,SGBOCT26,IN0020180249,5800.41,10
877,HINDOILEXP,INE345A01011,212,20
878,MON100,INF247L01AP3,120.86,7.96
879,VIPIND,INE054A01027,595,20
880,SUPRIYA,INE07RO01027,241.05,20
881,PTC,INE877F01012,112.75,20
882,KHADIM,INE834I01025,219.55,20
883,HDFCAMC,INE127D01025,2282.75,20
884,JUSTDIAL,INE599M01018,757.5,20
885,SURYALAXMI,INE713B01026,59.85,20
886,TATAMTRDVR,IN9155A01020,338.25,20
887,ACE,INE731H01025,615.4,20
888,THOMASCOOK,INE332A01027,76.9,20
889,SGBJ28VIII,IN0020190537,5802.1,10
890,LIQUIDETF,INF740KA1EU7,1000,10
891,VIKASECO,INE806A01020,3.15,23.51
892,UJJIVANSFB,INE551W01018,42.05,20
893,GOLDIAM,INE025B01025,129.95,20
894,EMAMIPAP,INE830C01026,116.85,20
895,KALYANKJIL,INE303R01014,174.2,20
896,SYRMA,INE0DYJ01015,449.55,20
897,HDFCNEXT50,INF179KC1DA9,444.45,8.54
898,SPANDANA,INE572J01011,721.4,20
899,LICNFNHGP,INF767K01PC8,206.29,6.72
900,BALRAMCHIN,INE119A01028,382.45,20
901,PATELENG,INE244B01030,39.2,100
902,BPL,INE110A01019,59.7,20.32
903,GPTINFRA,INE390G01014,70.4,100
904,SHIVATEX,INE705C01020,121.7,20.66
905,TATAELXSI,INE670A01012,7453.15,20
906,MIRCELECTR,INE831A01028,21.65,25.77
907,MEGASTAR,INE00EM01016,312.8,100
908,SGBMAR31IV,IN0020220169,6018.4,10
909,DBL,INE917M01012,250.45,20
910,URJA,INE550C01020,9.9,25.47
911,SGBJAN30IX,IN0020210236,5849.15,10
912,AARTISURF,INE09EO01013,609.8,20
913,XPROINDIA,INE445C01015,912.25,21.58
914,SIS,INE285J01028,432.15,20
915,ICICILIQ,INF109KC1KT9,1000,10
916,EXCELINDUS,INE369A01029,953.65,20
917,PNBHOUSING,INE572E01012,606.2,20
918,LIKHITHA,INE060901027,271.25,20
919,PSUBNKBEES,INF204KB16I7,49.24,20
920,ADANIPORTS,INE742F01042,729.9,18.34
921,NIF100BEES,INF204K014N5,201.32,6.05
922,HINDZINC,INE267A01025,330.95,20
923,NYKAA,INE388Y01029,146.85,20
924,CENTEXT,INE281A01026,9.9,20.3
925,JISLJALEQS,INE175A01038,42.1,20.57
926,J&KBANK,INE168A01041,69.15,20
927,PENIND,INE932A01024,82.75,21.89
928,KOTAKNIFTY,INF174K014P6,208.01,6
929,SGBSEP29VI,IN0020210145,5840,10
930,PSB,INE608A01012,33,20.55
931,VIJAYA,INE043W01024,464.15,20
932,BANCOINDIA,INE213C01025,312,20
933,BANARBEADS,INE655B01011,84,20
934,METROPOLIS,INE112L01020,1450.95,20
935,AKZOINDIA,INE133A01011,2699.5,20
936,BALAJITELE,INE794B01026,43.55,20
937,OMAXE,INE800H01010,49.3,20
938,BSLNIFTY,INF209KB19D1,21.99,6
939,TTKPRESTIG,INE690A01028,761.25,20
940,HGINFRA,INE926X01010,882.5,20
941,PCBL,INE602A01031,168.25,20
942,INDBANK,INE841B01017,27.4,22.96
943,TATACOMM,INE151A01013,1638.4,20
944,AGRITECH,INE449G01018,99.35,21.87
945,PITTIENG,INE450D01021,379.5,20
946,SMCGLOBAL,INE103C01036,73.35,20
947,DATAPATTNS,INE0IX101010,1956.95,20
948,MMFL,INE227C01017,911.4,20
949,ORIENTHOT,INE750A01020,87.8,20
950,KIMS,INE967H01017,1840.05,20
951,SUVEN,INE495B01038,61.6,20
952,NRAIL,INE740D01017,294.65,20
953,SILVERETF,INF789F1AYK6,70.87,20
954,VIRINCHI,INE539B01017,41.25,100
955,RAINBOW,INE961O01016,1070.25,20
956,AXISBPSETF,INF846K01Z04,11.04,20
957,ICICIAUTO,INF109KC1Y49,158.09,20
958,TEXRAIL,INE621L01012,80.9,20.7
959,SUNDRMFAST,INE387A01021,1239.95,20
960,ASHOKLEY,INE208A01029,166.4,20
961,HDFCNIFTY,INF179KC1965,211.76,6
962,AKSHARCHEM,INE542B01011,241.55,20
963,KOTAKBKETF,INF174K01F59,457.02,20
964,AMBER,INE371P01015,2224.9,20
965,VESUVIUS,INE386A01015,2514.9,20
966,GSPL,INE246F01010,298.15,20
967,SAKAR,INE732S01012,245.75,21.88
968,KOTAKIT,INF174KA1GC5,30.6,20
969,UCALFUEL,INE139B01016,126.9,20
970,LOVABLE,INE597L01014,126.9,20
971,SGBDC27VII,IN0020190461,5800,10
972,CHEVIOT,INE974B01016,1223.75,20
973,TATAMOTORS,INE155A01022,628.5,13.48
974,HLEGLAS,INE461D01028,666.95,20
975,THYROCARE,INE594H01019,529.8,20
976,SGBNOV25IX,IN0020170117,5780,10
977,COMPINFO,INE070C01037,14.9,22.41
978,RADHIKAJWE,INE583V01021,35.6,20.64
979,NIFTYQLITY,INF209KB15K4,15.92,20
980,FORCEMOT,INE451A01017,2596.3,20
981,HESTERBIO,INE782E01017,1723.4,20
982,WINDLAS,INE0H5O01029,337.25,20
983,BATAINDIA,INE176A01028,1696.55,20
984,BDL,INE171Z01018,1231.6,20
985,INFIBEAM,INE483S01020,15.35,20
986,ORIENTELEC,INE142Z01019,257.9,20
987,TNPETRO,INE148A01019,82.45,20
988,SPENCERS,INE020801028,61.8,20
989,DCM,INE498A01018,67.95,21.67
990,CSBBANK,INE679A01013,294.4,20
991,HILTON,INE788H01017,168.25,100
992,MOLDTKPAC,INE893J01029,1075.8,20
993,JKCEMENT,INE823G01014,3351.8,20
994,PILANIINVS,INE417C01014,1909.3,20
995,WABAG,INE956G01038,510.45,20
996,AVANTIFEED,INE871C01038,405.2,20
997,COSMOFIRST,INE757A01017,661.65,20
998,AKSHOPTFBR,INE523B01011,8.3,20
999,UTISENSETF,INF789FB1X58,699.62,7.22
1000,ASHOKA,INE442H01029,87,20
1001,RATNAMANI,INE703B01027,2423.1,20
1002,POLYMED,INE205C01021,1144.8,20
1003,COROMANDEL,INE169A01031,964.35,20
1004,CIEINDIA,INE536H01010,546.1,20
1005,SGBDEC26,IN0020180389,5964,10
1006,SUNCLAYLTD,INE105A01035,4783.7,20
1007,SURYAROSNI,INE335A01012,799.6,20
1008,GLENMARK,INE935A01035,670.6,20
1009,LT,INE018A01030,2474.55,9
1010,ICICILOVOL,INF109KB10T8,158.88,20
1011,STARHEALTH,INE575P01011,617.6,20
1012,UTINEXT50,INF789F1AUW9,46.56,9.83
1013,TVSSRICHAK,INE421C01016,3149.45,20
1014,AXISBANK,INE238A01034,953.2,10.08
1015,BGRENERGY,INE661I01014,57.2,20.33
1016,MAHASTEEL,INE451L01014,71.9,100
1017,TRACXN,INE0HMF01019,92.4,20
1018,RAILTEL,INE0DD101019,133.55,20
1019,ACCELYA,INE793A01012,1307.5,20
1020,BSLGOLDETF,INF209KB18D3,52.97,20
1021,COASTCORP,INE377E01016,256.75,20
1022,DYCL,INE600Y01019,359.85,20
1023,ADSL,INE102I01027,108.15,21.43
1024,JSWENERGY,INE121E01018,309.55,20
1025,BARBEQUE,INE382M01027,655.6,20
1026,VISAKAIND,INE392A01021,84.1,20
1027,TNIDETF,INF277KA1364,60.03,20
1028,KRISHANA,INE506W01012,444.25,20
1029,ELECTCAST,INE086A01029,57.95,20
1030,SUNDARMHLD,INE202Z01029,101.7,20
1031,VETO,INE918N01018,114.05,20
1032,SMLISUZU,INE294B01019,1052.95,20.01
1033,CAPACITE,INE264T01014,207,20.4
1034,BSE,INE118H01025,700.1,20
1035,AJMERA,INE298G01027,381.95,20.14
1036,IPCALAB,INE571A01038,765.25,20
1037,FDC,INE258B01022,329,20
1038,INSECTICID,INE070I01018,439,20
1039,TASTYBITE,INE488B01017,13516.55,20
1040,GREENLAM,INE544R01021,464.75,20
1041,AEGISCHEM,INE208C01025,362.85,20
1042,VARDHACRLC,INE116G01013,54.25,20
1043,CENTRALBK,INE483A01010,30.35,20
1044,KIOCL,INE880L01014,186.45,20
1045,HINDPETRO,INE094A01015,295.15,20
1046,NDL,INE875G01030,19.95,21.22
1047,KCPSUGIND,INE790B01024,24.7,20
1048,BAJFINANCE,INE296A01024,7444,12.1
1049,NLCINDIA,INE589A01014,110.5,20
1050,NV20BEES,INF204KB18I3,112.42,20
1051,LTGILTBEES,INF204KB1882,24.19,10
1052,KESORAMIND,INE087A01019,63.5,20
1053,INGERRAND,INE177A01018,2848.3,20
1054,ABBOTINDIA,INE358A01014,23693.2,20
1055,PARADEEP,INE088F01024,62.85,20
1056,ONMOBILE,INE809I01019,79.4,20.64
1057,ADFFOODS,INE982B01019,1055.6,20
1058,ICICIBANKP,INF109KC1E35,227.06,20
1059,BRNL,INE727S01012,30.7,20.75
1060,POCL,INE063E01046,389.45,20
1061,UNIVCABLES,INE279A01012,387.85,20.95
1062,HEUBACHIND,INE492A01029,334.55,20
1063,MANAKSTEEL,INE824Q01011,46.95,22.34
1064,DEN,INE947J01015,34.9,20
1065,SCI,INE109A01011,101.4,20
1066,AVALON,INE0LCL01028,614.15,20
1067,ENIL,INE265F01028,133.25,20
1068,RUPA,INE895B01021,274.8,20
1069,IOC,INE242A01010,98.1,20
1070,GENCON,INE854S01022,52.4,100
1071,KANPRPLA,INE694E01014,110.1,20
1072,OBEROIRLTY,INE093I01010,1040.95,20
1073,MAN50ETF,INF769K01EG9,204.39,6
1074,STEL,INE577L01016,167.4,20
1075,BALKRISIND,INE787D01026,2340.3,20
1076,IEX,INE022Q01020,123.9,20
1077,SPORTKING,INE885H01011,833.6,20
1078,UNIDT,INE961D01019,207.3,20
1079,AXISCADES,INE555B01013,483.45,100
1080,DSPGOLDETF,INF740KA1SW3,58.7,20
1081,ENDURANCE,INE913H01037,1703.75,20
1082,MIDHANI,INE099Z01011,321.35,20
1083,PAR,INE04LG01015,197.3,100
1084,DREAMFOLKS,INE0JS101016,654.6,20
1085,ZOTA,INE358U01012,393.1,20
1086,ANUP,INE294Z01018,1957.3,20
1087,PTL,INE034D01049,37.1,20
1088,ELIN,INE050401020,157.4,20
1089,KOTAKALPHA,INF174KA1IA5,31.15,20
1090,RTNPOWER,INE399K01017,5,24.27
1091,INDHOTEL,INE053A01029,391.95,20
1092,GANDHITUBE,INE524B01027,583.35,20
1093,PDMJEPAPER,INE865T01018,40.8,20
1094,HIMATSEIDE,INE049A01027,129.8,20.07
1095,AUTOBEES,INF204KC1337,157.9,20
1096,GENESYS,INE727B01026,295.8,20.75
1097,PNB,INE160A01022,60.45,20
1098,ISGEC,INE858B01029,693,20
1099,BIOFILCHEM,INE829A01014,45.1,21.11
1100,SEAMECLTD,INE497B01018,748.8,23.26
1101,FSL,INE684F01012,126,20
1102,NIPPOBATRY,INE567A01028,441.7,20
1103,HARIOMPIPE,INE00EV01017,644.1,20
1104,ULTRACEMCO,INE481G01011,8325.9,9
1105,ASTRAZEN,INE203A01020,3753.85,20
1106,TECH,INF209KB11D8,30.08,20
1107,PRINCEPIPE,INE689W01016,638.45,20
1108,BANKBARODA,INE028A01039,204.85,20
1109,PDSL,INE111Q01021,354.4,20
1110,CENTENKA,INE485A01015,424.75,20
1111,DSPQ50ETF,INF740KA1QL0,175.15,20
1112,ICICIGI,INE765G01017,1346.4,20
1113,GHCL,INE539A01019,524,20
1114,ICICINXT50,INF109KC1NS5,45.51,6.78
1115,QNIFTY,INF082J01028,2066.63,6
1116,SUNPHARMA,INE044A01036,1072.25,9
1117,GUJAPOLLO,INE826C01016,215.75,20
1118,APOLLO,INE713T01028,48.35,21.6
1119,QGOLDHALF,INF082J01408,49.95,20
1120,RAMCOCEM,INE331A01037,934.45,20
1121,TIIL,INE545H01011,1637.35,23.54
1122,PPL,INE050001010,180.5,20
1123,GLAND,INE068V01023,1104.3,20
1124,BEL,INE263A01024,127.4,20
1125,SAKSOFT,INE667G01023,315.9,23.17
1126,HONDAPOWER,INE634A01018,2165.1,20
1127,BLKASHYAP,INE350H01032,43.7,20
1128,REVATHI,INE617A01013,1572.9,100
1129,SKIPPER,INE439E01022,163.85,24.39
1130,SGBNOV23,IN0020150085,5898,10
1131,FUSION,INE139R01012,598.75,20
1132,MAHESHWARI,INE263W01010,71.85,100
1133,RKEC,INE786W01010,60.4,27.7
1134,CONCOR,INE111A01025,677.25,20
1135,SWARAJENG,INE277A01016,2031.9,20
1136,SGBDEC25XI,IN0020170133,5800.01,10
1137,UGROCAP,INE583D01011,225.5,20
1138,SCPL,INE501Y01019,389.1,100
1139,GAIL,INE129A01019,109.3,20
1140,HPAL,INE0GSL01016,442.3,20
1141,MANXT50,INF769K01FN2,446.09,6.41
1142,AVADHSUGAR,INE349W01017,541.65,20
1143,PURVA,INE323I01011,103.25,20
1144,ICICIM150,INF109KC1G82,137.88,6.57
1145,LSIL,INE093R01011,29.75,27.57
1146,FAIRCHEMOR,INE0DNW01011,1246.25,20
1147,PATANJALI,INE619A01035,1212.05,100
1148,CREDITACC,INE741K01010,1292.2,20
1149,INDOAMIN,INE760F01028,110.75,21.15
1150,DELHIVERY,INE148O01028,397.9,20
1151,ABFRL,INE647O01011,217.9,20
1152,SYNCOMF,INE312C01025,7.35,20
1153,LICNETFN50,INF767K01OS7,210.03,6.73
1154,FINPIPE,INE183A01024,171.95,20
1155,SGBJU29III,IN0020210087,5817.42,10
1156,VSSL,INE050M01012,191.05,20
1157,IOB,INE565A01014,26.35,20
1158,AMBIKCO,INE540G01014,1596.65,20
1159,TMB,INE668A01016,434.15,20
1160,SCHAEFFLER,INE513A01022,3066.75,20
1161,DEVIT,INE060X01026,133,100
1162,VIKASLIFE,INE161L01027,3.1,20
1163,JTEKTINDIA,INE643A01035,149.65,20
1164,BUTTERFLY,INE295F01017,1205.4,20
1165,ICICIPRULI,INE726G01019,594.25,20
1166,GRWRHITECH,INE291A01017,866.5,20
1167,QUICKHEAL,INE306L01010,164.1,20
1168,CHOICEIN,INE102B01014,341.9,20
1169,HATSUN,INE473B01035,973.25,20
1170,ISEC,INE763G01038,609.05,20
1171,SUZLON,INE040H01021,17.95,27.15
1172,ABCAPITAL,INE674K01013,183.8,20
1173,PRECWIRE,INE372C01037,91.05,20.72
1174,UTIAMC,INE094J01016,798.2,20
1175,ASALCBR,INE073G01016,413,20
1176,BHARATRAS,INE838B01013,9272.85,20
1177,TIMETECHNO,INE508G01029,133.3,20
1178,NILAINFRA,INE937C01029,6,22.58
1179,BAJAJCON,INE933K01021,196.1,20
1180,GLOBUSSPR,INE615I01010,1255,20
1181,MANINFRA,INE949H01023,112.45,20
1182,DIXON,INE935N01020,4386.35,20
1183,GOCLCORP,INE077F01035,318.95,20
1184,20MICRONS,INE144J01027,93.35,100
1185,MPSLTD,INE943D01017,1097.8,21.43
1186,THEMISMED,INE083B01016,1477.4,20
1187,MSUMI,INE0FS801015,58.55,20
1188,CYIENT,INE136B01020,1448.55,20
1189,SGBMAY28,IN0020200088,5801.06,10
1190,AMRUTANJAN,INE098F01031,729.1,20
1191,GRAUWEIL,INE266D01021,111,20
1192,NATIONALUM,INE139A01034,83.5,20
1193,KSCL,INE455I01029,568.5,20
1194,BHARTIARTL,INE397D01024,891.9,9
1195,DALBHARAT,INE00R701025,2068,20
1196,BEPL,INE922A01025,93.7,20
1197,DALMIASUG,INE495A01022,373.65,20
1198,BCLIND,INE412G01016,483.85,20
1199,SILVER,INF209KB19F6,72.65,20
1200,STAR,INE939A01011,434,20
1201,SGIL,INE00QT01015,208.2,100
1202,RPOWER,INE614G01033,15.35,24.07
1203,ZEEMEDIA,INE966H01019,9.6,21.94
1204,NCLIND,INE732C01016,205.5,20
1205,BAJAJHCARE,INE411U01027,310.05,20
1206,LANDMARK,INE559R01029,771.95,20
1207,IVZINGOLD,INF205K01361,5256.6,20
1208,MHLXMIRU,INE112D01035,166.95,100
1209,3IINFOLTD,INE748C01038,33.05,20
1210,PRAJIND,INE074A01025,407.85,20
1211,KAKATCEM,INE437B01014,213.45,20
1212,MRPL,INE103A01014,86.95,20.72
1213,DEEPENR,INE677H01012,122.3,100
1214,COCHINSHIP,INE704P01017,647.3,20
1215,RANEHOLDIN,INE384A01010,1100.1,20
1216,DCW,INE500A01029,44.25,20
1217,BHARATFORG,INE465A01025,853.15,20
1218,HARSHA,INE0JUS01029,449.5,20
1219,VEDL,INE205A01025,277.55,20
1220,POKARNA,INE637C01025,427.5,21.7
1221,WONDERLA,INE066O01014,556.4,20
1222,AMBUJACEM,INE079A01024,419.75,20
1223,GET&D,INE200A01026,219.7,100
1224,SANGAMIND,INE495C01010,302.85,20.63
1225,VOLTAS,INE226A01021,759.3,20
1226,SBIETFPB,INF200KA1S22,230.18,20
1227,GENUSPAPER,INE949P01018,16.9,20.69
1228,BIGBLOC,INE412U01025,153.2,21.56
1229,HCG,INE075I01017,320.05,20
1230,EDELWEISS,INE532F01054,49.15,20
1231,VBL,INE200M01021,825.25,20
1232,NAM-INDIA,INE298J01013,293.25,20
1233,CANFINHOME,INE477A01020,782.9,20
1234,TATAINVEST,INE672A01018,2323.15,20
1235,PARAS,INE045601015,689.65,20
1236,MAPMYINDIA,INE0BV301023,1299.75,20
1237,DLF,INE271C01023,499.65,20
1238,ICRA,INE725G01011,5463.35,20
1239,CARBORUNIV,INE120A01034,1192.2,20
1240,MSPL,INE752G01015,8.55,20
1241,NESCO,INE317F01035,622.9,20
1242,SBIETFQLTY,INF200KA1WX6,166.93,20
1243,SRHHYPOLTD,INE917H01012,770.3,23.9
1244,SGBJUN27,IN0020190073,5880,10
1245,MAHSEAMLES,INE271B01025,476.9,20
1246,BALAMINES,INE050E01027,2209.1,20
1247,NAVINFLUOR,INE048G01026,4269.05,20
1248,HERANBA,INE694N01015,374.05,20
1249,ATALREAL,INE0ALR01011,118.05,20
1250,INDSWFTLAB,INE915B01019,83.2,20
1251,SGBJUL29IV,IN0020210111,5841.67,10
1252,RAMCOSYS,INE246B01019,251.7,20
1253,JMFINANCIL,INE780C01023,74.2,20
1254,BYKE,INE319B01014,39.3,20
1255,STEELCAS,INE124E01020,488.8,20
1256,LALPATHLAB,INE600L01024,2435.95,20
1257,JKPAPER,INE789E01012,313.5,20
1258,INDIACEM,INE383A01012,208.75,20
1259,GENUSPOWER,INE955D01029,163.4,21.41
1260,GPIL,INE177H01021,514.9,20
1261,BLUEDART,INE233B01017,7299.15,20
1262,TATAMETALI,INE056C01010,821.7,20
1263,SIGACHI,INE0D0K01014,300.2,20
1264,CAREERP,INE521J01018,221.15,20.96
1265,RELIGARE,INE621H01010,174.8,20
1266,HITECH,INE106T01025,75.6,20
1267,ICICICOMMO,INF109KC19O8,61.3,20
1268,PIONEEREMB,INE156C01018,38.75,20
1269,MAANALU,INE215I01019,330.75,100
1270,APTECHT,INE266F01018,494.15,20.2
1271,MOM100,INF247L01023,38.53,6.51
1272,KOLTEPATIL,INE094I01018,393.8,20
1273,TOTAL,INE336X01012,146.95,100
1274,CHEMBOND,INE995D01025,413.2,20
1275,RALLIS,INE613A01020,203.85,20
1276,DSPBANKETF,INF740KA1RX3,44.98,20
1277,MBAPL,INE900L01010,623.15,20
1278,GOODYEAR,INE533A01012,1266.1,20
1279,EMIL,INE02YR01019,92.3,20
1280,FINEORG,INE686Y01026,4709.5,20
1281,CIPLA,INE059A01026,1027.8,9
1282,LXCHEM,INE576O01020,252.35,20
1283,GREENPLY,INE461C01038,179.3,20
1284,SOMANYCERA,INE355A01028,697.9,20
1285,KINGFA,INE473D01015,1903.05,20
1286,OSWALSEEDS,INE00IK01011,343.95,20
1287,KITEX,INE602G01020,190.15,20
1288,TEJASNET,INE010J01012,741.45,20
1289,MANAPPURAM,INE522D01027,131.1,20
1290,STLTECH,INE089C01029,148.15,20
1291,MAFANG,INF769K01HF4,62.94,20
1292,TCS,INE467B01029,3272.4,9
1293,EIDPARRY,INE126A01031,467.95,20
1294,NRL,INE0JM501013,110.5,20
1295,DONEAR,INE668D01028,100.6,22.97
1296,PNBGILTS,INE859A01011,65.15,20
1297,KOTAKSILVE,INF174KA1KU9,70.93,20
1298,DWARKESH,INE366A01041,89.45,20
1299,ICICIINFRA,INF109KC16E5,59.78,20
1300,HUDCO,INE031A01017,60.3,20
1301,SGBFEB28IX,IN0020190545,5821,10
1302,POWERMECH,INE211R01019,3784.2,20
1303,TEXMOPIPES,INE141K01013,56.65,21.87
1304,SHALPAINTS,INE849C01026,153.7,20
1305,IDFCFIRSTB,INE092T01019,82.8,20
1306,LICNETFSEN,INF767K01OT5,717.36,6.41
1307,ROSSELLIND,INE847C01020,404.5,25.31
1308,WATERBASE,INE054C01015,81.15,20
1309,BAJAJ-AUTO,INE917I01010,4917.65,9
1310,WELENT,INE625G01013,239.95,20
1311,GLOBALVECT,INE792H01019,70.95,20
1312,PRICOLLTD,INE726V01018,219.55,20
1313,JKLAKSHMI,INE786A01032,683.9,20
1314,PRSMJOHNSN,INE010A01011,127.6,20
1315,CIGNITITEC,INE675C01017,819.75,20
1316,GRAVITA,INE024L01027,609.15,20
1317,BHEL,INE257A01026,93.95,20
1318,RPPL,INE760W01015,162.8,20
1319,HLVLTD,INE102A01024,14.1,22.42
1320,USHAMART,INE228A01035,294.85,20.08
1321,BOSCHLTD,INE323A01026,19298.65,20
1322,BIKAJI,INE00E101023,407,20
1323,SECURCRED,INE195Y01010,20.05,20.9
1324,DVL,INE477B01010,272.1,20
1325,RATEGAIN,INE0CLI01024,427.65,20
1326,HDFCQUAL,INF179KC1DL6,43.27,20
1327,CINELINE,INE704H01022,88.1,20
1328,CUPID,INE509F01011,250.7,20
1329,MAHSCOOTER,INE288A01013,5584.2,20
1330,DABUR,INE016A01026,581.65,20
1331,CHENNPETRO,INE178A01016,443.35,21.21
1332,AGARIND,INE204E01012,617.35,20
1333,EQUITASBNK,INE063P01018,93.5,20
1334,HDFCGROWTH,INF179KC1DJ0,96.86,20
1335,TAKE,INE142I01023,16.8,20
1336,ISFT,INE566K01011,136.8,22.68
1337,SPAL,INE212I01016,441.15,20
1338,LYKALABS,INE933A01014,110.45,20.55
1339,KRBL,INE001B01026,349.75,20
1340,ICICINF100,INF109KA1962,211.31,6
1341,UMAEXPORTS,INE0GIU01018,53.85,100
1342,MAHKTECH,INF769K01HS7,14.09,20
1343,NIFTYBEES,INF204KB14I2,213.45,6
1344,SATIA,INE170E01023,113.4,20
1345,CPSEETF,INF457M01133,44.92,20
1346,DOLATALGO,INE966A01022,44.25,20
1347,INTENTECH,INE781A01025,72.1,21.03
1348,KEI,INE878B01027,2364.5,20
1349,DODLA,INE021O01019,622.55,20
1350,ALPA,INE385I01010,70.2,21.86
1351,SGBNOV24,IN0020160076,5847.27,10
1352,VMART,INE665J01013,2194.85,20
1353,MARATHON,INE182D01020,325.85,20.49
1354,ALICON,INE062D01024,841.9,20
1355,JUBLFOOD,INE797F01020,480.15,20
1356,MCDOWELL-N,INE854D01024,925.35,20
1357,SBILIFE,INE123W01016,1295,9.37
1358,AXISNIFTY,INF846K01W98,208.22,6
1359,SOLARINDS,INE343H01029,3543.85,20
1360,PARAGMILK,INE883N01014,134.05,20
1361,ZEEL,INE256A01028,202,20
1362,SONATSOFTW,INE269A01021,956.2,20
1363,MAHLOG,INE766P01016,381,20
1364,CCL,INE421D01022,727.1,20
1365,DANGEE,INE688Y01022,12.05,23.15
1366,OFSS,INE881D01027,3834.1,20
1367,TBZ,INE760L01018,87.6,20
1368,JBMA,INE927D01044,1354.5,22.93
1369,BESTAGRO,INE052T01013,1131.05,20.66
1370,HEMIPROP,INE0AJG01018,104.85,20
1371,GOACARBON,INE426D01013,532.2,22.27
1372,CUMMINSIND,INE298A01020,1890.65,20
1373,GFLLIMITED,INE538A01037,56,20
1374,NBCC,INE095N01031,41.45,20
1375,REPCOHOME,INE612J01015,315.85,20.43
1376,AWHCL,INE01BK01022,316.5,20
1377,CAMS,INE596I01012,2249,20
1378,UJJIVAN,INE334L01012,411.45,20
1379,GUFICBIO,INE742B01025,234.85,20
1380,PSUBANKICI,INF109KC10S8,44.53,20
1381,MANGCHEFER,INE558B01017,108.55,20
1382,INDIGOPNTS,INE09VQ01012,1441.2,20
1383,SGBOC28VII,IN0020200203,5815,10
1384,NAZARA,INE418L01021,706.5,20
1385,HINDCOMPOS,INE310C01029,342.8,20
1386,STEELCITY,INE395H01011,62.8,20
1387,PREMEXPLN,INE863B01011,590.55,20
1388,ZUARI,INE840M01016,164.25,21.02
1389,STYRENIX,INE189B01011,1209.8,20
1390,MAZDA,INE885E01034,875.55,100
1391,MATRIMONY,INE866R01028,622.6,20
1392,MPHASIS,INE356A01018,1908.85,20
1393,ICICI500,INF109KC1V59,27.93,6
1394,JUBLINGREA,INE0BY001018,414.8,20
1395,KOTAKGOLD,INF174KA1HJ8,50.27,20
1396,CLEDUCATE,INE201M01029,68.1,20
1397,SGBAUG30,IN0020220078,5938.01,10
1398,SSWL,INE802C01033,220.55,20
1399,BBTC,INE050A01025,1144.55,20
1400,FOSECOIND,INE519A01011,2697.55,20
1401,GSS,INE871H01011,184.2,20
1402,MAFSETF,INF769K01HI8,20.25,20
1403,MOMENTUM,INF209KB14K7,21.68,20
1404,SPLPETRO,INE663A01033,427.35,20
1405,ZOMATO,INE758T01015,76.8,20.76
1406,RADIOCITY,INE919I01024,13.2,100
1407,SHREEPUSHK,INE712K01011,188.3,20
1408,BAYERCROP,INE462A01022,4671.95,20
1409,GMBREW,INE075D01018,595.65,20
1410,HFCL,INE548A01028,65.6,20
1411,CRISIL,INE007A01025,3821.2,20
1412,HUHTAMAKI,INE275B01026,287.05,20
1413,GTL,INE043A01012,7.2,25.12
1414,POWERGRID,INE752E01010,253.5,9.39
1415,HPL,INE495S01016,169.15,23.31
1416,PAISALO,INE420C01059,49.15,20
1417,GESHIP,INE017A01032,769.6,20
1418,APOLLOTYRE,INE438A01022,433.35,20
1419,SREEL,INE099F01013,206.55,20
1420,ANANDRATHI,INE463V01026,938.4,20
1421,TARMAT,INE924H01018,67.55,23.53
1422,SGBDEC2512,IN0020170141,5800.01,10
1423,EMUDHRA,INE01QM01018,481.7,20
1424,SUNTV,INE424H01027,476.25,20
1425,UTINIFTETF,INF789FB1X41,2074.1,6
1426,ARCHIDPLY,INE877I01016,75.05,100
1427,UNIVASTU,INE562X01013,103.4,24.58
1428,DBCORP,INE950I01011,169.4,20
1429,ANMOL,INE02AR01019,233.95,20
1430,ITDCEM,INE686A01026,166.25,20
1431,AROGRANITE,INE210C01013,40.5,20
1432,KIRIINDUS,INE415I01015,277.6,20
1433,EXPLEOSOL,INE201K01015,1542.2,20
1434,OAL,INE959C01023,329.75,20
1435,RHIM,INE743M01012,626.55,20
1436,GOCOLORS,INE0BJS01011,1122.45,20
1437,RELCHEMQ,INE750D01016,181.5,20
1438,LOKESHMACH,INE397H01017,192.75,100
1439,MANORG,INE370D01013,414.1,20.38
1440,ROUTE,INE450U01017,1592.55,20
1441,BAJAJHIND,INE306A01021,16.65,23.11
1442,AGI,INE415A01038,614.45,23.13
1443,HDFCNIFBAN,INF179KC1AN8,454.18,20
1444,BRIGADE,INE791I01019,559.55,20
1445,WEBELSOLAR,INE855C01015,85,20.61
1446,BIRLACABLE,INE800A01015,168.7,20.85
1447,GULFOILLUB,INE635Q01029,480.3,20
1448,NH,INE410P01011,1026.2,20
1449,NESTLEIND,INE239A01016,22852.3,9
1450,SGBMR29XII,IN0020200427,5820.32,10
1451,WOCKPHARMA,INE049B01025,247.1,20
1452,ICICIMOM30,INF109KC17C7,21.83,20
1453,SANGHVIMOV,INE989A01024,569.1,20
1454,GILT5YBEES,INF204KC1030,52.49,10
1455,ASTRAMICRO,INE386C01029,366.5,20
1456,AGROPHOS,INE740V01019,34.1,25.88
1457,KIRLOSBROS,INE732A01036,678.55,20.99
1458,EKC,INE184H01027,120.75,23.53
1459,KENNAMET,INE717A01029,2695.8,20
1460,SHREDIGCEM,INE232A01011,77.2,20
1461,UNIONBANK,INE692A01016,81.15,20
1462,PRUDENT,INE00F201020,1003.1,20
1463,DLINKINDIA,INE250K01012,261.55,21.66
1464,MOTHERSON,INE775A01035,92.4,20
1465,ASHIANA,INE365D01021,196.55,20
1466,INDORAMA,INE156A01020,47.05,20
1467,KIRLOSIND,INE250A01039,3314.25,20
1468,JETFREIGHT,INE982V01025,11.1,20.82
1469,BANSWRAS,INE629D01020,165.95,21.41
1470,RAMAPHO,INE809A01024,232.3,20
1471,ERIS,INE406M01024,714.65,20
1472,EIHOTEL,INE230A01023,211.7,20
1473,TITAGARH,INE615H01020,511.45,20.33
1474,CHOLAHLDNG,INE149A01033,934.1,20
1475,DEVYANI,INE872J01023,189.85,20
1476,DTIL,INE341R01014,203.95,20
1477,PFOCUS,INE367G01038,126.1,24.08
1478,SKFINDIA,INE640A01023,5001.1,20
1479,STCINDIA,INE655A01013,79.4,20.04
1480,ICICINIFTY,INF109K012R6,212.4,6
1481,ISMTLTD,INE732F01019,79.25,21.96
1482,METROBRAND,INE317I01021,1014.4,20
1483,TORNTPOWER,INE813H01021,624.15,20
1484,IRCON,INE962Y01021,81.85,20
1485,TCNSBRANDS,INE778U01029,421.4,20
1486,NAVA,INE725A01022,311.65,21.59
1487,63MOONS,INE111B01023,245.3,22.71
1488,ASIANTILES,INE022I01019,47.55,20
1489,BBOX,INE676A01027,184.55,22.75
1490,POONAWALLA,INE511C01022,364.8,20
1491,LEMONTREE,INE970X01018,91.35,20
1492,TRF,INE391D01019,177.25,20
1493,KOKUYOCMLN,INE760A01029,126.15,20
1494,JINDALSTEL,INE749A01030,626.5,20
1495,360ONE,INE466L01038,487.9,20
1496,BLS,INE153T01027,215.45,20.67
1497,LAGNAM,INE548Z01017,56.05,21.16
1498,BLISSGVS,INE416D01022,78.2,20
1499,INDIAMART,INE933S01016,2771.95,20
1500,EMMBI,INE753K01015,86.3,20
1501,KOTARISUG,INE419A01022,40.15,20
1502,VGUARD,INE951I01027,290.5,20
1503,QUESS,INE615P01015,435.35,20
1504,MINDTECK,INE110B01017,133.8,100
1505,GRINFRA,INE201P01022,1339.85,20
1506,MUKANDLTD,INE304A01026,122.6,20
1507,UTTAMSUGAR,INE786F01031,317.95,21.7
1508,MANYAVAR,INE825V01034,1214.3,20
1509,BBL,INE464A01028,3358.65,20
1510,HINDCON,INE642Y01011,89,20.42
1511,DYNAMATECH,INE221B01012,3870.15,20
1512,CESC,INE486A01021,74.8,20
1513,KICL,INE029L01018,1883.25,20
1514,SHEMAROO,INE363M01019,157.85,100
1515,SJS,INE284S01014,587.35,20
1516,KRSNAA,INE08LI01020,580.35,20
1517,PANAMAPET,INE305C01029,299.5,20
1518,VENKEYS,INE398A01010,1707.95,20
1519,ESABINDIA,INE284A01012,4139.45,20
1520,TEXINFRA,INE435C01024,62.8,20
1521,HEIDELBERG,INE578A01017,177.85,20
1522,NOVARTIND,INE234A01025,856.7,20
1523,LUXIND,INE150G01020,1492.75,20
1524,MFL,INE071N01016,993.2,20
1525,GSFC,INE026A01025,167.55,20
1526,VIMTALABS,INE579C01029,395.75,20
1527,ALEMBICLTD,INE426A01027,74.85,20
1528,BHARATGEAR,INE561C01019,130.55,21.18
1529,COALINDIA,INE522F01014,234,10.23
1530,ICICIFMCG,INF109KC1R48,548.82,20
1531,RAJRATAN,INE451D01029,814.15,20
1532,SUNTECK,INE805D01034,322.25,20
1533,MEDANTA,INE474Q01031,700.3,20
1534,MANV30F,INF769K01JU9,147.88,20
1535,BHAGYANGR,INE458B01036,54.5,20
1536,INDTERRAIN,INE611L01021,54.6,21.85
1537,GLAXO,INE159A01016,1389.35,20
1538,VSTIND,INE710A01016,3588.65,20
1539,ASAHIINDIA,INE439A01020,528.15,20
1540,ADVANIHOTR,INE199C01026,92.85,20
1541,EXXARO,INE0GFE01018,112.2,20
1542,PFC,INE134E01011,227.1,20
1543,SNOWMAN,INE734N01019,44.9,20
1544,CGCL,INE180C01026,757.65,20
1545,HGS,INE170I01016,1062.6,20
1546,LASA,INE670X01014,22.05,23.52
1547,ARIHANTSUP,INE643K01018,181.1,20.18
1548,CRAFTSMAN,INE00LO01017,4017.35,20
1549,MANORAMA,INE00VM01010,1681.25,100
1550,ABAN,INE421A01028,40.75,20
1551,DSPNEWETF,INF740KA1QK2,230.64,6
1552,XCHANGING,INE692G01013,116.95,20
1553,MANINDS,INE993A01026,138.85,20
1554,MANAKSIA,INE015D01022,152,23.65
1555,PRECAM,INE484I01029,186.45,23.11
1556,SGBFEB29XI,IN0020200393,5830,10
1557,VERTOZ,INE188Y01015,225.2,100
1558,KCP,INE805C01028,109.65,20
1559,SGBJAN27,IN0020180462,5804,10
1560,ZYDUSWELL,INE768C01010,1473.7,20
1561,LUMAXTECH,INE872H01027,371.9,20
1562,ICIL,INE483B01026,211.5,21.83
1563,JAGSNPHARM,INE048B01027,367.1,20
1564,HIRECT,INE835D01023,294.55,100
1565,HEG,INE545A01016,1572.8,20
1566,ELECON,INE205B01023,722.1,22.1
1567,SUBROS,INE287B01021,451.8,20
1568,SHYAMMETL,INE810G01011,351.3,20
1569,INOXWIND,INE066P01011,189.3,21.88
1570,SHIVALIK,INE788J01021,764.6,20
1571,CROMPTON,INE299U01018,296.75,20
1572,JPPOWER,INE351F01018,6.05,20.76
1573,MACPOWER,INE155Z01011,305.3,20.82
1574,GALLANTT,INE297H01019,71.4,20
1575,EBBETF0433,INF754K01QX0,1046.87,20
1576,SETFNIFBK,INF200KA1580,451.76,20
1577,KOTAKMNC,INF174KA1JF2,22,20
1578,WELCORP,INE191B01025,303.3,20
1579,HDFCGOLD,INF179KC1981,51.82,20
1580,DEEPINDS,INE0FHS01024,190.35,20.65
1581,TATACOFFEE,INE493A01027,242.75,20
1582,CAMPUS,INE278Y01022,323.15,20
1583,AMIORG,INE00FF01017,1220.35,20
1584,TECHNOE,INE285K01026,409.1,20
1585,JSL,INE220G01021,370,20
1586,RANEENGINE,INE222J01013,289.2,100
1587,SGBFEB27,IN0020180561,5820,10
1588,PODDARMENT,INE371C01013,314.9,20
1589,JMA,INE412C01023,69.9,20
1590,CSLFINANCE,INE718F01018,318.8,20
1591,MUTHOOTCAP,INE296G01013,394.3,20
1592,GREAVESCOT,INE224A01026,138.35,20
1593,BHARATWIRE,INE316L01019,189.15,23.19
1594,SCHAND,INE807K01035,206.65,20
1595,MOL,INE0CT101020,83.35,20
1596,EASEMYTRIP,INE07O001026,43.5,20.42
1597,BASML,INE186H01022,45.4,20
1598,MONQ50,INF247L01AU3,53.71,7.02
1599,VINDHYATEL,INE707A01012,1914.1,20
1600,RPSGVENT,INE425Y01011,439.1,20
1601,MTARTECH,INE864I01014,1951.25,20
1602,PRITIKAUTO,INE583R01029,17.1,20
1603,KPIL,INE220B01022,554.85,20
1604,AARTIIND,INE769A01020,449.2,20
1605,JAGRAN,INE199G01027,85.75,20
1606,RANASUG,INE625B01014,23.75,20.28
1607,NETWORK18,INE870H01013,63.05,20
1608,VOLTAMP,INE540H01012,4052.75,20
1609,IRCTC,INE335Y01020,619,20
1610,SALASAR,INE170V01027,50.95,21.89
1611,FACT,INE188A01015,475.7,28.65
1612,ICICISILVE,INF109KC1Y56,72.66,20
1613,KHAICHEM,INE745B01028,65,20
1614,RKFORGE,INE399G01023,443.95,20
1615,HITECHGEAR,INE127B01011,400,23
1616,SAPPHIRE,INE806T01012,1379.65,20
1617,MASPTOP50,INF769K01HP3,31.63,6.87
1618,IGARASHI,INE188B01013,465.25,20
1619,MMP,INE511Y01018,199.6,100
1620,TARSONS,INE144Z01023,635,20
1621,SGBJAN29X,IN0020200385,5842.63,10
1622,KSL,INE907A01026,356.6,20
1623,TEAMLEASE,INE985S01024,2407.4,20
1624,GNFC,INE113A01013,599,20
1625,GMRP&UI,INE0CU601026,20.9,20
1626,HTMEDIA,INE501G01024,20.15,20
1627,VISHWARAJ,INE430N01022,16.5,20
1628,ETHOSLTD,INE04TZ01018,1490.4,20
1629,KANORICHEM,INE138C01024,106.5,20
1630,5PAISA,INE618L01018,409.05,20
1631,TCI,INE688A01022,730.35,20
1632,KPITTECH,INE04I401011,1054.4,20
1633,VIPCLOTHNG,INE450G01024,46,100
1634,DCMSHRIRAM,INE499A01024,907.75,20
1635,TTKHLTCARE,INE910C01018,1308.2,20
1636,LTTS,INE010V01017,3896.9,20
1637,GRAPHITE,INE371A01025,412.2,20
1638,MAXHEALTH,INE027H01010,619.4,20
1639,GODREJAGRO,INE850D01014,464.4,20
1640,JKIL,INE576I01022,306.6,20
1641,IDEA,INE669E01016,7.35,21.82
1642,SJVN,INE002L01015,48.25,20
1643,AIAENG,INE212H01026,3334.75,20
1644,UFLEX,INE516A01017,428.85,20
1645,ALLCARGO,INE418H01029,289.4,20
1646,RITES,INE320J01015,383.1,20
1647,SHAILY,INE151G01010,1467.35,20
1648,EPL,INE255A01020,219.75,20
1649,MARICO,INE196A01026,531.55,20
1650,APEX,INE346W01013,209.05,20
1651,SANDESH,INE583B01015,942.95,20
1652,GRANULES,INE101D01020,309.95,20
1653,ICICIBANK,INE090A01021,944.95,9
1654,AXISTECETF,INF846K01Y96,305.65,20
1655,SBIETFIT,INF200KA1S14,307.33,20
1656,HDFCSML250,INF179KC1FB2,108.66,6
1657,ZENTEC,INE251B01027,480.8,20.55
1658,ASIANPAINT,INE021A01026,3392.55,9
1659,RIIL,INE046A01015,959.55,20
1660,COFFEEDAY,INE335K01011,40.85,24.5
1661,PRIVISCL,INE959A01019,1081.15,20
1662,FMGOETZE,INE529A01010,379.7,20
1663,BALMLAWRIE,INE164A01016,135.05,20
1664,KAMATHOTEL,INE967C01018,247.1,100
1665,KOVAI,INE177F01017,2765.45,20
1666,GICHSGFIN,INE289B01019,176.95,20
1667,SURYODAY,INE428Q01011,170.65,20
1668,CASTROLIND,INE172A01027,133.2,20
1669,DIGISPICE,INE927C01020,20.7,20
1670,IRB,INE821I01022,26.25,20
1671,NELCAST,INE189I01024,95.65,20
1672,OCCL,INE321D01016,827.9,20
1673,TAJGVK,INE586B01026,260.65,20