SYMBOL,SERIES,SECURITY,HIGH/LOW,INDEX FLAG
4THDIM,BE,FOURTH DIMENSION SOL L,H
785AP37,SG,SDL AP 7.85% 2037,H
AARTECH,EQ,AARTECH SOLONICS LIMITED,H
ADROITINFO,BE,ADROIT INFOTECH LIMITED,H
AHIMSA,SM,AHIMSA INDUSTRIES LTD.,H
AILIMITED,SM,ABHISHEK INTEGRATIONS LTD,H
ALPSINDUS,BE,ALPS INDUSTRIES LTD.,H
ANSALAPI,BE,ANSAL PROP & INFRA LTD,H
ANTGRAPHIC,EQ,ANTARCTICA LTD,H
APOLLO,EQ,APOLLO MICRO SYSTEMS LTD,H
ASHOKAMET,EQ,ASHOKA METCAST LIMITED,H
AURDIS,SM,AURANGABAD DISTILLERY LTD,H
AXISCADES,BE,AXISCADES TECH LTD,H
BEARDSELL,BE,BEARDSELL LIMITED,H
BMETRICS,SM,BOMBAY METRICS S C LTD,H
CADSYS,SM,CADSYS (INDIA) LIMITED,H
CONTI,SM,CONTINENTAL SEED CHEM LTD,H
CROWN,BE,CROWN LIFTERS LIMITED,H
CUBEXTUB,BE,CUBEXTUBINGS-ROLLSETT,H
DCMFINSERV,BE,DCM FINANCIAL SERVICES LT,H
DRL,SM,DHANUKA REALTY LIMITED,H
EASTSILK,BE,EASTERN SILK INDUSTRIES L,H
ESFL,ST,ESSEN SPECIALITY FILMS L,H
ESSARSHPNG,BE,ESSAR SHIPPING LTD,H
EXCEL,BE,EXCEL REALTY N INFRA LTD,H
FEL,BZ,FUTURE ENTERPRISES LTD,H
FRETAIL,BZ,FUTURE RETAIL LIMITED,H
GEEKAYWIRE,BE,GEEKAY WIRES LIMITED,H
GIRIRAJ,SM,GIRIRAJ CIVIL DEVP LTD,H
GISOLUTION,BE,GI ENGINEERING SOLNS LTD,H
GLOBALPET,ST,GLOBAL PET INDUSTRIES LTD,H
GODHA,BE,GODHA CABCON INSULAT LTD,H
GOENKA,BZ,GOENKA DIAMOND&JEWELS LTD,H
GOLDTECH,BE,GOLDSTONE TECHNOLOGIES LT,H
GREENCHEF,ST,GREENCHEF APPLIANCES LTD,H
GSTL,SM,GLOBESECURE TECHNO LTD,H
HAVISHA,BE,SRI HAVISHA HOSP & INFR L,H
HPL,EQ,HPL ELECTRIC & POWER LTD,H
IL&FSTRANS,BZ,IL&FS TRANS NET LTD,H
INDRAMEDCO,BE,INDRAPRASTHA MED-ROLLSETT,H
INFOMEDIA,EQ,INFOMEDIA PRESS LIMITED,H
JAIBALAJI,BE,JAI BALAJI INDUSTRIES LTD,H
JAYBARMARU,EQ,JAY BHARAT MARUTI LTD,H
JYOTISTRUC,BE,JYOTI STRUCTURES,H
KAUSHALYA,BE,KAUSHALYA INFRA DEV LTD.,H
KAVVERITEL,BE,KAVVERI TEL. LTD.,H
KCK,SM,KCK INDUSTRIES LTD,H
KERNEX,BE,KERNEX MICROSYS(I) LTD,H
KOTHARIPET,EQ,KOTHARI PETROCHEM LTD,H
KRIDHANINF,BE,KRIDHAN INFRA LIMITED,H
KSHITIJPOL,BE,KSHITIJ POLYLINE LIMITED,H
LLOYDS,SM,LLOYDS LUXURIES LIMITED,H
MADHAVBAUG,SM,VAIDYA SANE AYUR LAB LTD,H
MANORAMA,BE,MANORAMA INDUSTRIES LTD,H
MASKINVEST,BE,MASK INVESTMENTS LIMITED,H
MAZDOCK,EQ,MAZAGON DOCK SHIPBUIL LTD,H
MCON,SM,MCON RASAYAN INDIA LTD,H
MEDICO,EQ,MEDICO REMEDIES LIMITED,H
MINDPOOL,SM,MINDPOOL TECHNOLOGIES LTD,H
NDLVENTURE,BE,NDL VENTURES LIMITED,H
NDRAUTO,BE,NDR AUTO COMPONENTS LTD,H
NEXTMEDIA,EQ,NEXT MEDIAWORKS LIMITED,H
NILASPACES,BE,NILA SPACES LIMITED,H
NIRMAN,SM,NIRMAN AGRI GENTICS LTD,H
NITCO,EQ,NITCO LIMITED,H
NORBTEAEXP,BE,NORBEN TEA &EXPORTS LTD,H
NUCLEUS,EQ,NUCLEUS SOFTWARE EXPORTS,H
OMKARCHEM,BZ,OMKAR SPL CHEM LTD,H
ORTEL,BZ,ORTEL COMMUNICATIONS LTD,H
PANACHE,EQ,PANACHE DIGILIFE LIMITED,H
PARACABLES,EQ,PARAMOUNT COMM LTD,H
PARASPETRO,BE,PARAS PETROFILS LTD.,H
PATELENG,BE,PATEL ENGINEERING LTD.,H
PCJEWELLER,EQ,PC JEWELLER LTD,H
PENINLAND,EQ,PENINSULA LAND LIMITED,H
PREMEXPLN,EQ,PREMIER EXPLOSIVES LTD,H
PROLIFE,SM,PROLIFE INDUSTRIES LTD,H
PULZ,SM,PULZ ELECTRONICS LIMITED,H
RCOM,BE,RELIANCE COMMUNICATIONS L,H
REXPIPES,SM,REX PIPES AND CABLES LTD,H
RHFL,EQ,RELIANCE HOME FINANCE LTD,H
RILINFRA,SM,RACHANA INFRA LTD,H
RMDRIP,SM,R M DRIP & SPRINK SYS LTD,H
SABTN,BE,SRI ADHIKARI BROS.,H
SANCO,BZ,SANCO INDUSTRIES LIMITED,H
SANGHIIND,EQ,SANGHI INDUSTRIES LTD,H
SCPL,BE,SHEETAL COOL PRODUCTS LTD,H
SECURKLOUD,EQ,SECUREKLOUD TECH LIMITED,H
SEPC,EQ,SEPC LIMITED,H
SERVOTECH,BE,SERVOTECH POWER SYS LTD.,H
SEYAIND,BE,SEYA INDUSTRIES LIMITED,H
SHREYANIND,BE,SHREYANS INDUSTRIES LTD,H
SPCENET,EQ,SPACENET ENTERS IND LTD,H
SPENTEX,BZ,SPENTEX IND. LTD,H
SRIVASAVI,SM,SRIVASAVI ADHESIVE TAPE L,H
SUMEETINDS,BE,SUMEET IND LIMITED,H
SWARAJ,SM,SWARAJ SUITING LIMITED,H
TANTIACONS,BZ,TANTIA CONST LTD,H
TECILCHEM,BE,TECIL CHEMICALS,H
THOMASCOTT,BE,THOMAS SCOTT (INDIA) LTD,H
TIL,BZ,TIL LTD,H
UJAAS,BE,UJAAS ENERGY LIMITED,H
UNITECH,BZ,UNITECH LIMITED,H
USASEEDS,SM,UPSURGE SEEDS OF AGRI LTD,H
VISASTEEL,BE,VISA STEEL LIMITED,H
VISESHINFO,EQ,VISESH INFOTECNICS LTD,H
VIVIDHA,EQ,VISAGAR POLYTEX LTD,H
WELINV,BE,WELSPUN INV & COMM LTD,H
ZENTEC,EQ,ZEN TECHNOLOGIES LIMITED,H
21STCENMGM,EQ,21ST CENTURY MGMT SERVICE,L
3RDROCK,IT,3RD ROCK MULTIMEDIA LTD,L
719GS2060,GS,GOI LOAN 7.19% 2060,L
AARTECH,EQ,AARTECH SOLONICS LIMITED,L
AATMAJ,ST,AATMAJ HEALTHCARE LIMITED,L
ACEINTEG,BE,ACE INTEGRATED SOLU. LTD.,L
ALPSINDUS,BE,ALPS INDUSTRIES LTD.,L
ANSALAPI,BE,ANSAL PROP & INFRA LTD,L
ARENTERP,BE,RAJDARSHAN INDUSTRIES LTD,L
ARSHIYA,BE,ARSHIYA LIMITED,L
AVSL,SM,AVSL INDUSTRIES LIMITED,L
BCG,EQ,BRIGHTCOM GROUP LIMITED,L
BKMINDST,BZ,BKM INDUSTRIES LIMITED,L
BOHRAIND,EQ,BOHRA INDUSTRIES LIMITED,L
DGCONTENT,BE,DIGICONTENT LIMITED,L
DUGLOBAL,SM,DUDIGITAL GLOBAL LIMITED,L
EIMCOELECO,BE,EIMCO ELECON (INDIA) LTD,L
EQUIPPP,BE,EQUIPPP SOC IMP TECH LTD,L
EUROTEXIND,BE,EUROTEX IND & EXPORTS LTD,L
FCONSUMER,BE,FUTURE CONSUMER LIMITED,L
FELDVR,BE,FUTURE ENTERPRISES LTD,L
GOENKA,BZ,GOENKA DIAMOND&JEWELS LTD,L
GREENCHEF,ST,GREENCHEF APPLIANCES LTD,L
HAVISHA,BE,SRI HAVISHA HOSP & INFR L,L
IL&FSTRANS,BZ,IL&FS TRANS NET LTD,L
INDLMETER,BZ,IMP POWERS LTD,L
JAINAM,SM,JAINAM FER ALLOYS (I) LTD,L
JALAN,SM,JALAN TRANSOLU. INDIA LTD,L
JITFINFRA,BE,JITF INFRALOGISTICS LTD,L
KBCGLOBAL,BE,KBC GLOBAL LIMITED,L
KHFM,SM,KHFM HOS FAC MANA SER LTD,L
LAKPRE,BZ,LAKSHMI PRE SCRE LTD,L
LATTEYS,BE,LATTEYS INDUSTRIES LTD,L
MAGSON,ST,MAGSON RETAIL AND DIST L,L
MELSTAR,BZ,MELSTAR INFORMATION TECH,L
METALFORGE,BZ,METALYST FORGINGS LIMITED,L
NILASPACES,BE,NILA SPACES LIMITED,L
OMFURN,SM,OMFURN INDIA LIMITED,L
ORTEL,BZ,ORTEL COMMUNICATIONS LTD,L
PARTYCRUS,SM,PARTY CRUISERS LIMITED,L
PENTAGON,ST,PENTAGON RUBBER LIMITED,L
PERFECT,SM,PERFECT INFRAENGINEER LTD,L
PIGL,BE,POWER INSTRUMENT (G) LTD,L
PVP,BE,PVP VENTURES LIMITED,L
RAJMET,BE,RAJNANDINI METAL LIMITED,L
RAJRILTD,BE,RAJ RAYON INDUSTRIES LTD,L
RCOM,BE,RELIANCE COMMUNICATIONS L,L
RMCL,BZ,RADHA MADHAV CO. LTD.,L
RNAVAL,BZ,RELIANCE NAVAL & ENGG LTD,L
SABEVENTS,BE,SAB EVENTS & GOVERNANCE,L
SABTN,BE,SRI ADHIKARI BROS.,L
SAMBHAAV,EQ,SAMBHAAV MEDIA LTD,L
SCAPDVR,BE,STAMPEDE CAPITAL LIMITED,L
SELMC,BE,SEL MANUFACTURING CO LTD,L
SHUBHLAXMI,SM,SHUBHLAXMI JEWEL ART LTD,L
SIDDHIKA,SM,SIDDHIKA COATINGS LIMITED,L
SRPL,BE,SHREE RAM PROTEINS LTD.,L
TANTIACONS,BZ,TANTIA CONST LTD,L
TAPIFRUIT,SM,TAPI FRUIT PROCESSING LTD,L
TIJARIA,BE,TIJARIA POLYPIPES LTD,L
TRU,EQ,TRUCAP FINANCE LIMITED,L
UNITECH,BZ,UNITECH LIMITED,L
USASEEDS,SM,UPSURGE SEEDS OF AGRI LTD,L
VILINBIO,ST,VILIN BIO MED LIMITED,L
VINNY,BE,VINNY OVERSEAS LIMITED,L
VIVIDHA,EQ,VISAGAR POLYTEX LTD,L
ZENITHSTL,BE,ZENITH STEEL PIP IND LTD,L
