GAIN_LOSS,SECURITY,CLOSE_PRIC,PREV_CL_PR,PERCENT_CG
 ,Nifty 50 Sec., , , 
 , , , , 
G,OIL AND NATURAL GAS CORP.,       167.65,       164.60,1.85
G,EICHER MOTORS LTD,      3291.65,      3253.05,1.19
G,JSW STEEL LIMITED,       805.70,       797.40,1.04
G,NESTLE INDIA LIMITED,     23060.05,     22852.30,.91
G,KOTAK MAHINDRA BANK LTD,      1878.10,      1866.60,.62
G,SUN PHARMACEUTICAL IND L,      1078.75,      1072.25,.61
G,GRASIM INDUSTRIES LTD,      1777.85,      1767.70,.57
G,DR. REDDY S LABORATORIES,      5189.00,      5165.85,.45
G,SBI LIFE INSURANCE CO LTD,      1300.60,      1295.00,.43
G,ASIAN PAINTS LIMITED,      3406.75,      3392.55,.42
G,TATA CONSUMER PRODUCT LTD,       843.25,       840.30,.35
G,TITAN COMPANY LIMITED,      3096.50,      3087.60,.29
G,COAL INDIA LTD,       234.40,       234.00,.17
G,STATE BANK OF INDIA,       589.25,       588.55,.12
G,RELIANCE INDUSTRIES LTD,      2767.75,      2764.70,.11
G,MAHINDRA & MAHINDRA LTD,      1570.85,      1569.45,.09
G,BAJAJ FINSERV LTD.,      1593.20,      1592.40,.05
G,HINDALCO  INDUSTRIES  LTD,       424.85,       424.65,.05
 , , , , 
L,ADANI ENTERPRISES LIMITED,      2387.90,      2422.90,-1.44
L,ULTRATECH CEMENT LIMITED,      8220.50,      8325.90,-1.27
L,BHARAT PETROLEUM CORP  LT,       386.20,       390.90,-1.2
L,INFOSYS LIMITED,      1333.30,      1348.60,-1.13
L,TATA MOTORS LIMITED,       621.45,       628.50,-1.12
L,HDFC BANK LTD,      1632.95,      1648.40,-0.94
L,HDFC LTD,      2724.30,      2747.35,-0.84
L,NTPC LTD,       190.80,       192.40,-0.83
L,BAJAJ AUTO LIMITED,      4878.45,      4917.65,-0.8
L,LARSEN & TOUBRO LTD.,      2454.95,      2474.55,-0.79
L,ADANI PORT & SEZ LTD,       724.20,       729.90,-0.78
L,HERO MOTOCORP LIMITED,      3078.85,      3102.60,-0.77
L,INDUSIND BANK LIMITED,      1371.45,      1380.95,-0.69
L,MARUTI SUZUKI INDIA LTD.,      9835.80,      9900.15,-0.65
L,POWER GRID CORP. LTD.,       252.05,       253.50,-0.57
L,CIPLA LTD,      1022.20,      1027.80,-0.54
L,HINDUSTAN UNILEVER LTD.,      2673.65,      2684.50,-0.4
L,TATA STEEL LIMITED,       114.70,       115.15,-0.39
L,HCL TECHNOLOGIES LTD,      1110.55,      1114.90,-0.39
L,TATA CONSULTANCY SERV LT,      3259.90,      3272.40,-0.38
L,AXIS BANK LIMITED,       950.00,       953.20,-0.34
L,BHARTI AIRTEL LIMITED,       889.95,       891.90,-0.22
L,DIVI S LABORATORIES LTD,      3633.50,      3641.45,-0.22
L,BRITANNIA INDUSTRIES LTD,      5073.90,      5083.90,-0.2
L,ITC LTD,       472.30,       473.15,-0.18
L,TECH MAHINDRA LIMITED,      1159.40,      1161.45,-0.18
L,BAJAJ FINANCE LIMITED,      7431.95,      7444.00,-0.16
L,HDFC LIFE INS CO LTD,       671.70,       672.55,-0.13
L,APOLLO HOSPITALS ENTER. L,      5252.05,      5257.00,-0.09
L,UPL LIMITED,       643.85,       644.25,-0.06
 , , , , 
 ,Nifty Next 50 Sec., , , 
 , , , , 
G,ONE 97 COMMUNICATIONS LTD,       854.75,       806.75,5.95
G,BAJAJ HOLDINGS & INVS LTD,      7401.25,      7177.20,3.12
G,BIOCON LIMITED.,       259.15,       254.20,1.95
G,HDFC AMC LIMITED,      2325.75,      2282.75,1.88
G,SIEMENS LTD,      3828.85,      3766.60,1.65
G,SRF LTD,      2210.20,      2175.35,1.6
G,CHOLAMANDALAM IN & FIN CO,      1148.55,      1132.00,1.46
G,INFO EDGE (I) LTD,      4460.70,      4402.40,1.32
G,P&G HYGIENE & HEALTH CARE,     14902.05,     14712.45,1.29
G,SHREE CEMENT LIMITED,     24261.40,     23955.35,1.28
G,GAIL (INDIA) LTD,       110.60,       109.30,1.19
G,ICICI LOMBARD GIC LIMITED,      1362.30,      1346.40,1.18
G,MARICO LIMITED,       537.75,       531.55,1.17
G,MUTHOOT FINANCE LIMITED,      1285.65,      1270.85,1.16
G,BOSCH LIMITED,     19515.95,     19298.65,1.13
G,ZOMATO LIMITED,        77.50,        76.80,0.91
G,SAMVRDHNA MTHRSN INTL LTD,        93.15,        92.40,0.81
G,INTERGLOBE AVIATION LTD,      2725.55,      2703.75,0.81
G,GODREJ CONSUMER PRODUCTS,      1068.35,      1061.85,0.61
G,ICICI PRU LIFE INS CO LTD,       597.10,       594.25,0.48
G,AMBUJA CEMENTS LTD,       421.55,       419.75,0.43
G,SBI CARDS & PAY SER LTD,       837.85,       834.30,0.43
G,UNITED SPIRITS LIMITED,       929.15,       925.35,0.41
G,ACC LIMITED,      1789.65,      1783.25,0.36
G,TATA POWER CO LTD,       226.30,       225.50,0.35
G,DABUR INDIA LTD,       583.40,       581.65,0.3
G,INDIAN RAIL TOUR CORP LTD,       620.70,       619.00,0.27
G,BHARAT ELECTRONICS LTD,       127.65,       127.40,0.2
G,PI INDUSTRIES LTD,      3659.45,      3657.05,0.07
G,VEDANTA LIMITED,       277.65,       277.55,0.04
 , , , , 
L,FSN E COMMERCE VENTURES,       144.05,       146.85,-1.91
L,HINDUSTAN AERONAUTICS LTD,      3843.85,      3917.45,-1.88
L,DLF LIMITED,       492.40,       499.65,-1.45
L,HAVELLS INDIA LIMITED,      1290.70,      1307.65,-1.3
L,ADANI GREEN ENERGY LTD,       954.55,       965.15,-1.1
L,GLAND PHARMA LIMITED,      1092.70,      1104.30,-1.05
L,ADANI TOTAL GAS LIMITED,       635.70,       640.90,-0.81
L,PIDILITE INDUSTRIES LTD,      2622.45,      2638.85,-0.62
L,TORRENT PHARMACEUTICALS L,      1930.00,      1941.60,-0.6
L,AVENUE SUPERMARTS LIMITED,      3806.35,      3827.10,-0.54
L,INDUS TOWERS LIMITED,       164.10,       164.90,-0.49
L,BANDHAN BANK LIMITED,       221.70,       222.75,-0.47
L,MPHASIS LIMITED,      1904.00,      1908.85,-0.25
L,LIFE INSURA CORP OF INDIA,       620.45,       621.80,-0.22
L,INDIAN OIL CORP LTD,        97.90,        98.10,-0.2
L,ADANI TRANSMISSION LTD,       752.65,       754.05,-0.19
L,BERGER PAINTS (I) LTD,       669.20,       670.15,-0.14
L,BANK OF BARODA,       204.70,       204.85,-0.07
L,COLGATE PALMOLIVE LTD.,      1798.05,      1798.70,-0.04
 , , , , 
 ,OTHER SECURITIES, , , 
 , , , , 
G,PREMIER EXPLOSIVES LTD,       708.65,       590.55,20
G,ZEN TECHNOLOGIES LIMITED,       576.95,       480.80,20
G,ASHOKA METCAST LIMITED,        23.90,        19.95,19.8
G,NITCO LIMITED,        21.70,        18.15,19.56
G,KCK INDUSTRIES LTD,        29.80,        25.00,19.2
G,KOTHARI PETROCHEM LTD,        92.35,        79.30,16.46
G,MEP INFRA. DEVELOPERS LTD,        11.75,        10.10,16.34
G,DHANLAXMI BANK LIMITED,        22.05,        19.05,15.75
G,ONWARD TECHNOLOGIES LTD,       569.30,       503.35,13.1
G,COASTAL CORPORATION LTD,       289.10,       256.75,12.6
G,SOMANY CERAMICS LIMITED,       783.55,       697.90,12.27
G,SARLA PERF. FIBERS LTD,        49.90,        44.60,11.88
G,R SYS INTERNATIONAL LTD,       470.00,       423.70,10.93
G,NELCO LTD,       846.50,       764.50,10.73
G,ALLIED DIGITAL SERV. LTD,       119.60,       108.15,10.59
G,QUADPRO ITES LIMITED,         5.80,         5.25,10.48
G,DHANI LOANS & SERV LTD,      1455.00,      1322.00,10.06
G,NUCLEUS SOFTWARE EXPORTS,      1182.80,      1075.30,10
G,SECUREKLOUD TECH LIMITED,        42.75,        38.90,9.9
G,DHANUKA REALTY LIMITED,         9.55,         8.70,9.77
G,HPL ELECTRIC & POWER LTD,       185.30,       169.15,9.55
G,AHIMSA INDUSTRIES LTD.,        10.35,         9.45,9.52
G,MAZAGON DOCK SHIPBUIL LTD,      1731.85,      1591.85,8.79
G,SAKUMA EXPORTS LIMITED,        14.95,        13.75,8.73
G,MARKSANS PHARMA LIMITED,       101.65,        93.50,8.72
G,MANKIND PHARMA LIMITED,      1878.45,      1731.40,8.49
G,GOCL CORPORATION LIMITED,       345.75,       318.95,8.4
G,CREATIVE EYE LIMITED,         3.90,         3.60,8.33
G,ANTARCTICA LTD,          .65,          .60,8.33
G,BHARAT BIJLEE LTD,      3628.30,      3358.65,8.03
 , , , , 
L,DELTA CORP LIMITED,       189.50,       246.70,-23.19
L,STEEL STRIPS WHEELS LTD.,       197.60,       220.55,-10.41
L,GAYATRI RUBB AND CHEM LTD,        48.95,        53.90,-9.18
L,TRUCAP FINANCE LIMITED,        45.85,        50.05,-8.39
L,MOXSH OVERSEAS EDUCON LTD,       114.00,       123.00,-7.32
L,SWAN ENERGY LIMITED,       230.00,       248.05,-7.28
L,DPSC LIMITED,        11.95,        12.80,-6.64
L,SEC RE NCD 8.75% SR.IV,      1004.00,      1070.00,-6.17
L,VISAGAR POLYTEX LTD,          .80,          .85,-5.88
L,SEC RED NCD 10.03%,       329.95,       350.50,-5.86
L,UNSEC RED NCD 10.5% SR.VI,      1002.00,      1060.00,-5.47
L,NK INDUSTRIES LTD,        36.40,        38.50,-5.45
L,VETO SWITCHGEAR CABLE LTD,       108.25,       114.05,-5.09
L,STEL HOLDINGS LIMITED,       159.00,       167.40,-5.02
L,DUDIGITAL GLOBAL LIMITED,        53.05,        55.85,-5.01
L,SIDDHIKA COATINGS LIMITED,       189.95,       199.95,-5
L,PENTAGON RUBBER LIMITED,       105.95,       111.50,-4.98
L,BOHRA INDUSTRIES LIMITED,        60.15,        63.30,-4.98
L,SHUBHLAXMI JEWEL ART LTD,        75.50,        79.45,-4.97
L,MAGSON RETAIL AND DIST L,        78.55,        82.65,-4.96
L,AVSL INDUSTRIES LIMITED,        93.90,        98.80,-4.96
L,AARTECH SOLONICS LIMITED,       122.70,       129.10,-4.96
L,PARTY CRUISERS LIMITED,        58.70,        61.75,-4.94
L,BRIGHTCOM GROUP LIMITED,        26.30,        27.65,-4.88
L,FOCE INDIA LIMITED,       715.35,       752.00,-4.87
L,UPSURGE SEEDS OF AGRI LTD,       391.60,       411.55,-4.85
L,MAKS ENERGY SOL INDIA LTD,        28.55,        30.00,-4.83
L,SHRENIK LIMITED,         1.00,         1.05,-4.76
L,VITAL CHEMTECH LIMITED,       102.40,       107.45,-4.7
L,TOURISM FINANCE CORP. OF,        80.30,        84.25,-4.69
