SECURITY,NEW,PREVIOUS,NEW_STATUS
PREMIER POLYFILMS LTD,118.85,116.4,H
ELGI EQUIPMENTS LTD,623,583.8,H
POLY MEDICURE LIMITED,1314.7,1189.9,H
AXISCADES TECH LTD,507.6,490,H
VAIDYA SANE AYUR LAB LTD,337.75,321.7,H
VENUS PIPES & TUBES LTD,1194.95,1181.95,H
KSOLVES INDIA LIMITED,1121.15,1119.8,H
FROG CELLSAT LIMITED,311,303,H
SYNERGY GREEN IND. LTD,216,213,H
MANORAMA INDUSTRIES LTD,1765.3,1690,H
GOI TBILL 364D-11/04/24,95,94.85,H
GOI TBILL 364D-28/12/23,96.4,96.3,H
GOI TBILL 91D-24/08/23,99.15,98.82,H
AKZO NOBEL INDIA LIMITED,2762.95,2721.9,H
WELSPUN ENTERPRISES LTD.,243.25,241.4,H
CG POWER AND IND SOL LTD,407.65,400,H
SPECTRUM ELECTRIC IND LTD,863,855.55,H
EMUDHRA LIMITED,495,489.3,H
CRAFTSMAN AUTOMATION LTD,4188,4139.95,H
AIRTEL RS. 1.25 PPD UP,494,493.45,H
HDFCAMC - HDFCSML250,112.22,110,H
SHRIRAM PIST. & RING LTD,2310,2251,H
UNIPARTS INDIA LIMITED,644.4,612.3,H
ANLON TECHNOLOGY SOL LTD,307,300,H
CYIENT DLM LIMITED,547,504.7,H
CENTUM ELECTRONICS LTD,1471.45,1420,H
JINDAL STAINLESS LIMITED,374.6,371.25,H
AMBICA AGAR & AROMAINDLTD,41.5,41.3,H
AHLUWALIA CONT IND LTD,695,693.05,H
KIRLOSKAR BROTHERS LTD,687,684.6,H
PREMIER EXPLOSIVES LTD,708.65,590.55,H
SJS ENTERPRISES LIMITED,608.5,603,H
REX PIPES AND CABLES LTD,70,66.7,H
ROLEX RINGS LIMITED,2297.2,2268,H
SEC RE NCD SR.V,1094.9,1087.9,H
GAYATRI RUBB AND CHEM LTD,55,53.9,H
APOLLO TYRES LTD,436.5,433.95,H
USHA MARTIN LTD.,306.45,300,H
KEI INDUSTRIES LTD.,2433.7,2392,H
ROSSELL INDIA LIMITED,436,415,H
NIP IND ETF NIFTY 100,219,203.48,H
AARON INDUSTRIES LIMITED,241,239.55,H
VEEKAYEM FASH & APP LTD,72.5,72,H
GOI TBILL 364D-20/07/23,99.95,99.16,H
NIRMAN AGRI GENTICS LTD,184.85,176.05,H
GE T&D INDIA LIMITED,230,229.45,H
MANKIND PHARMA LIMITED,1897.9,1768,H
GOI TBILL 364D-22/02/24,96.02,95.3,H
KAMAT HOTELS (I) LTD,255,249.45,H
SARDA ENERGY & MIN LTD,1631,1605.95,H
D P WIRES LIMITED,577.9,574,H
RAINBOW CHILDRENS MED LTD,1096.7,1074.25,H
SWASTIK PIPE LIMITED,121.9,116.15,H
NEXUS SELECT TRUST,114.44,113.75,H
CIE AUTOMOTIVE INDIA LTD,559.7,548.95,H
J B CHEMICALS AND PHARMA,2773.95,2464.65,H
SUNFLAG IRON AND STEEL CO,218,205.35,H
NHPC LTD,49.15,47.9,H
KOVAI MEDICAL CENTER & HO,2799.95,2795,H
NIP IND ETF INFRA BEES,617.01,610,H
ZEN TECHNOLOGIES LIMITED,576.95,489,H
POWER MECH PROJECTS LTD.,3895,3850,H
SAFARI IND (INDIA) LTD,3170.95,3090,H
MAZAGON DOCK SHIPBUIL LTD,1751,1591.85,H
ANAND RATHI WEALTH LTD,948.7,945.65,H
SYRMA SGS TECHNOLOGY LTD,498,472.8,H
SULA VINEYARDS LIMITED,498.25,490,H
SEC RE NCD 8.40% SR.V,1020.97,1020.23,H
GOI TBILL 91D-14/09/23,98.8,98.79,H
MRF LTD,102494.95,102214.9,H
INDRAPRASTHA MED-ROLLSETT,116.1,110.6,H
SJVN LTD,49.3,48.8,H
OLECTRA GREENTECH LIMITED,1419,1408.7,H
SEC RED NCD SR. V,1825,1798,H
POLYCAB INDIA LIMITED,3824.7,3799.95,H
GEEKAY WIRES LIMITED,256.35,251,H
NDR AUTO COMPONENTS LTD,1008.6,965.6,H
KALYAN JEWELLERS IND LTD,184.35,175.9,H
ZYDUS LIFESCIENCES LTD,595.4,594.3,H
MEGASTAR FOODS LIMITED,318,315,H
SEC RE NCD 8.35% SR.I,1060,1055,H
MCON RASAYAN INDIA LTD,139.05,132.65,H
ASHOKA METCAST LIMITED,23.9,20.45,H
AVALON TECHNOLOGIES LTD,691.9,681.7,H
GLOBAL PET INDUSTRIES LTD,58.15,55.4,H
REFEX INDUSTRIES LIMITED,672.4,648.95,H
INTERGLOBE AVIATION LTD,2745.1,2715,H
KDDL LIMITED,1520,1518.8,H
LLOYDS STEELS IND. LTD.,32.25,31.3,H
MISHRA DHATU NIGAM LTD,328.65,323.9,H
BEW ENGINEERING LIMITED,1339.95,1330,H
DATA PATTERNS INDIA LTD,2060,1988.8,H
ABHISHEK INTEGRATIONS LTD,63.35,60.35,H
SEC RE NCD SR.V,1048.3,1045,H
CARYSIL LIMITED,739.5,714.9,H
GLOBAL HEALTH LIMITED,716.7,703.75,H
GOI LOAN  7.06% 2028,102.2,102,H
LANDMARK CARS LIMITED,780.8,780,H
ORBIT EXPORTS LIMITED,189.9,187.95,H
SADHANA NITROCHEM LIMITED,98,101,L
VILIN BIO MED LIMITED,21.25,22.35,L
CELL POINT (INDIA) LTD,61.8,64.8,L
PENTAGON RUBBER LIMITED,105.95,111.5,L
TIRUPATI FORGE LIMITED,7.15,7.25,L
GREENCHEF APPLIANCES LTD,98.35,103.5,L
2.50%GOLDBONDS2031SR-I,5862,5879,L
CEREBRA INT TECH LTD,5.7,5.75,L
UMA EXPORTS LIMITED,53.05,53.3,L
ACCURACY SHIPPING LIMITED,10.3,10.4,L
SEC RE NCD 0% SR.VII,901,920,L
YAARI DIGI INT SER LTD,11.2,11.3,L
KRITIKA WIRES LIMITED,15,15.6,L
ARSHIYA LIMITED,4.25,4.35,L
GOI LOAN  6.69% 2024,97.75,98,L
AKG EXIM LIMITED,26.25,26.35,L
VINNY OVERSEAS LIMITED,4.3,4.5,L
INFOLLION RESEARCH SER L,168,169,L
ROTO PUMPS LIMITED,368.25,370.4,L
AATMAJ HEALTHCARE LIMITED,48.2,50.55,L
AURO IMPEX & CHEMICALS L,55.15,55.25,L
URBAN ENVIRO WASTE MGMT L,116.8,120,L
FOURTH DIMENSION SOL L,15.1,15.35,L
SINDHU TRADE LINKS LTD,21.5,22,L
MAGSON RETAIL AND DIST L,78.55,82.65,L

