SERIES,SYMBOL,SECURITY,RECORD_DT,BC_STRT_DT,BC_END_DT,EX_DT,ND_STRT_DT,ND_END_DT,PURPOSE
18,IBULHSGFIN,Sec Re NCD 8.70% Sr.VIII,13/07/2023, , ,13/07/2023, , ,INTEREST PAYMENT         
19,IBULHSGFIN,Sec Re NCD 9.15% Sr.VIII,13/07/2023, , ,13/07/2023, , ,INTEREST PAYMENT         
BE,DRREDDY,DR. REDDY'S LABORATORIES, ,12/07/2023,14/07/2023,11/07/2023, , ,AGM/DIV - RS 40 PER SH   
BE,RELIANCE,RELIANCE IND - DEPO SETT.,20/07/2023, , ,20/07/2023, , ,DEMERGER                 
BE,HAPPSTMNDS,Happiest Minds Techno Ltd, ,08/07/2023,17/07/2023,07/07/2023, , ,AGM/DIV - RS 3.40 PER SH 
BE,NUCLEUS,Nucleus Software Exports, ,08/07/2023,14/07/2023,07/07/2023, , ,AGM/DIV - RS 10 PER SH   
BE,EDUCOMP,Educomp Solutions Limited, ,14/07/2023,20/07/2023,13/07/2023, , ,ANNUAL GENERAL MEETING   
BE,BLISSGVS,Bliss GVS Pharma Ltd, ,13/07/2023,19/07/2023,12/07/2023, , ,AGM/DIV-RE 0.50 PER SH   
BE,TITAN,Titan Company Limited, ,14/07/2023,01/08/2023,13/07/2023, , ,AGM/DIV - RS 10 PER SH   
BE,ICICIPRULI,ICICI Pru Life Ins Co Ltd, ,14/07/2023,28/07/2023,13/07/2023, , ,DIV - RE 0.60 PER SH     
BE,KABRAEXTRU,Kabra Extrus Technik Ltd,14/07/2023, , ,14/07/2023, , ,DIV - RS 3.50 PER SH     
BE,EXPLEOSOL,Expleo Solutions Limited,14/07/2023, , ,14/07/2023, , ,DIV - RS 5 PER SH        
BE,ARTEMISMED,Artemis Med Services Ltd,14/07/2023, , ,14/07/2023, , ,DIV - RE 0.45 PER SH     
BE,ASTRAZEN,AstraZeneca Pharma India,14/07/2023, , ,14/07/2023, , ,DIV - RS 16 PER SH       
BE,NDRAUTO,NDR Auto Components Ltd, ,13/07/2023,19/07/2023,12/07/2023, , ,AGM/DIV - RS 5 PER SH    
BE,BSOFT,BIRLASOFT LIMITED,14/07/2023, , ,14/07/2023, , ,DIV - RS 2 PER SH        
BE,AWL,Adani Wilmar Limited, ,13/07/2023,20/07/2023,12/07/2023, , ,ANNUAL GENERAL MEETING   
BE,KIRLFER,Kirloskar Ferrous Ind Ltd,14/07/2023, , ,14/07/2023, , ,DIV - RS 3 PER SH        
BE,MAHLOG,Mahindra Logistic Limited, ,15/07/2023,24/07/2023,14/07/2023, , ,DIV - RS 2.50 PER SH     
BE,COROMANDEL,Coromandel Internl Ltd., ,15/07/2023,27/07/2023,14/07/2023, , ,ANNUAL GENERAL MEETING   
BE,COROMANDEL,Coromandel Internl Ltd.,14/07/2023, , ,14/07/2023, , ,DIV - RS 6 PER SH        
BE,RECLTD,Rural Electrification Cor,14/07/2023, , ,14/07/2023, , ,DIV - RS 4.35 PER SH     
BE,AUBANK,AU Small Finance Bank Ltd,14/07/2023, , ,14/07/2023, , ,DIV - RE 1 PER SH        
BE,UJJIVANSFB,Ujjivan Small Financ Bank,14/07/2023, , ,14/07/2023, , ,DIV - RE 0.50 PER SH     
BE,HDFC,HDFC LTD - DEPO SETT.,13/07/2023, , , , , ,MERGER                   
BE,RNAVAL,Reliance Naval & Eng Ltd.,14/07/2023, , ,14/07/2023, , ,CAPITAL REDUCTION        
BE,ATFL,Agro Tech Foods Limited, ,05/07/2023,12/07/2023,04/07/2023, , ,AGM/DIV - RS 3 PER SH    
BE,APTECHT,Aptech Limited,14/07/2023, , ,14/07/2023, , ,BONUS 2:5                
BE,ESCORTS,ESCORTS INDIA LTD, ,01/07/2023,14/07/2023,30/06/2023, , ,AGM/DIV- RS 7 PER SH     
BE,SAH,Sah Polymers Limited, ,08/07/2023,14/07/2023,07/07/2023, , ,ANNUAL GENERAL MEETING   
BE,WENDT,Wendt (India) Ltd., ,14/07/2023,21/07/2023,13/07/2023, , ,AGM/DIV - RS 50 PER SH   
BE,NURECA,Nureca Limited, ,14/07/2023,20/07/2023,13/07/2023, , ,ANNUAL GENERAL MEETING   
BE,ORIENTHOT,Oriental Hotels Ltd, ,14/07/2023,20/07/2023,13/07/2023, , ,AGM/DIV-RE 0.50 PER SH   
BE,JYOTISTRUC,Jyoti Structures Ltd, ,14/07/2023,21/07/2023,13/07/2023, , ,ANNUAL GENERAL MEETING   
BE,TIRUMALCHM,Thirumalai Chemicals Ltd, ,16/07/2023,22/07/2023,14/07/2023, , ,AGM/DIV-RS 1.50 PER SH   
BE,SATINDLTD,Sat Industries Limited, ,12/07/2023,18/07/2023,11/07/2023, , ,ANNUAL GENERAL MEETING   
BE,AVADHSUGAR,Avadh Sug & Energy Ltd,12/07/2023, , ,12/07/2023, , ,DIV - RS 10 PER SH       
BE,WHEELS,Wheels India Ltd, ,13/07/2023,19/07/2023,12/07/2023, , ,AGM/DIV-RS 3.97 PER SH   
BE,KIRLPNU,Kirloskar Pneumatic Com L, ,13/07/2023,20/07/2023,12/07/2023, , ,AGM/DIV - RS 3 PER SH    
BE,APOLLOTYRE,APOLLOTYRE - Depo,14/07/2023, , ,14/07/2023, , ,DIV/SPLDV- RS 4/RE 0.50  
BE,KEERTI,Keerti Know & Skill Ltd., ,13/07/2023,20/07/2023,12/07/2023, , ,ANNUAL GENERAL MEETING   
BE,MAANALU,Maan Aluminium Limited, ,13/07/2023,19/07/2023,12/07/2023, , ,ANNUAL GENERAL MEETING   
BE,ATUL,Atul Ltd., ,15/07/2023,21/07/2023,14/07/2023, , ,AGM/DIV - RS 25 PER SH   
BE,BOSCHLTD,Bosch Limited, ,15/07/2023,01/08/2023,14/07/2023, , ,AGM/DIV- RS 280 PER SH   
BE,M&M,MAHINDRA & MAHINDRA LTD, ,15/07/2023,04/08/2023,14/07/2023, , ,AGM/DIV-RS 16.25 PER SH  
BE,TASTYBITE,Tasty Bite Eatables Ltd, ,15/07/2023,09/08/2023,14/07/2023, , ,AGM/DIV - RS 2 PER SH    
BE,BHARATWIRE,Bharat Wire Ropes Ltd., ,15/07/2023,21/07/2023,14/07/2023, , ,ANNUAL GENERAL MEETING   
BE,SAFARI,Safari Ind (India) Ltd,14/07/2023, , ,14/07/2023, , ,DIV - RS 2 PER SH        
BE,ADANITRANS,Adani Transmission Ltd, ,12/07/2023,19/07/2023,11/07/2023, , ,ANNUAL GENERAL MEETING   
BE,ADANIGREEN,Adani Green Energy Ltd, ,12/07/2023,19/07/2023,11/07/2023, , ,ANNUAL GENERAL MEETING   
BE,ADANIPOWER,Adani Power Limited, ,12/07/2023,19/07/2023,11/07/2023, , ,ANNUAL GENERAL MEETING   
BE,AMRUTANJAN,Amrutajan Health Ltd,13/07/2023, , ,13/07/2023, , ,BUY BACK                 
BE,BANARBEADS,BanarasBeadsLtd-RollSett, ,08/07/2023,14/07/2023,07/07/2023, , ,ANNUAL GENERAL MEETING   
BE,TARSONS,Tarsons Products Limited, ,08/07/2023,14/07/2023,07/07/2023, , ,ANNUAL GENERAL MEETING   
BE,LUPIN,Lupin Limited,14/07/2023, , ,14/07/2023, , ,DIV - RS 4 PER SH        
BE,MAGADSUGAR,Magadh Sugar & Energy Ltd,13/07/2023, , ,13/07/2023, , ,DIV - RS 7 PER SH        
BE,NEULANDLAB,Neuland Laboratories Ltd, ,12/07/2023,14/07/2023,11/07/2023, , ,AGM/DIV - RS 10 PER SH   
BE,JSWSTEEL,JSW Steel Limited, ,12/07/2023,14/07/2023,11/07/2023, , ,AGM/DIV-RS 3.40 PER SH   
BE,PERSISTENT,Persistent Systems Ltd, ,12/07/2023,18/07/2023,11/07/2023, , ,AGM/DIV/SPLDV RS 12/RS10 
BE,SUNDARMHLD,Sundaram Finance Hold Ltd, ,04/07/2023,14/07/2023,03/07/2023, , ,AGM/DIV&SPLDV-RS1.5 & 1  
BE,SWARAJENG,Swaraj Engines Ltd, ,08/07/2023,14/07/2023,07/07/2023, , ,AGM/DIV - RS 92 PER SH   
BE,CROMPTON,Crompt Grea Con Elec Ltd, ,08/07/2023,22/07/2023,07/07/2023, , ,AGM/DIV - RS 3 PER SH    
BE,ASHOKLEY,ASHOK LEYLAND LTD, ,08/07/2023,21/07/2023,07/07/2023, , ,AGM/DIV-RS 2.60 PER SH   
BE,JAYAGROGN,Jayant Agro Organics Ltd., ,08/07/2023,13/07/2023,07/07/2023, , ,AGM/DIV - RS 5 PER SH    
BE,PRESSMN,Nucent Finance Ltd., ,08/07/2023,14/07/2023,07/07/2023, , ,ANNUAL GENERAL MEETING   
BE,CORALFINAC,Coral India Finance Hsg, ,08/07/2023,21/07/2023,07/07/2023, , ,AGM/DIV-RE 0.30 PER SH   
BE,LAURUSLABS,Laurus Labs Limited, ,08/07/2023,14/07/2023,07/07/2023, , ,ANNUAL GENERAL MEETING   
BE,TECHIN,Techindia Nirman Limited, ,10/07/2023,14/07/2023,07/07/2023, , ,ANNUAL GENERAL MEETING   
BE,AURIONPRO,Aurionpro Soln. Ltd., ,09/07/2023,16/07/2023,07/07/2023, , ,EGM                      
BE,IDEA,Vodafone Idea Limited, ,10/07/2023,17/07/2023,07/07/2023, , ,ANNUAL GENERAL MEETING   
BE,AGRITECH,Agri-Tech (India) Limited, ,11/07/2023,15/07/2023,10/07/2023, , ,ANNUAL GENERAL MEETING   
BE,ONWARDTEC,Onward Technologies Ltd, ,11/07/2023,17/07/2023,10/07/2023, , ,AGM/DIV - RS 3 PER SH    
BE,JUBLFOOD,Jubilant Foodworks Limite,12/07/2023, , ,12/07/2023, , ,DIV - RS 1.20 PER SH     
BE,SHRADHA,Shradha Infraprojects Ltd, ,08/07/2023,22/07/2023,07/07/2023, , ,ANNUAL GENERAL MEETING   
BE,WIPRO,WIPRO LTD, ,11/07/2023,12/07/2023,10/07/2023, , ,ANNUAL GENERAL MEETING   
BE,SUNDARMFIN,Sundaram Finance Ltd., ,06/07/2023,21/07/2023,05/07/2023, , ,AGM/DIV - RS 15 PER SH   
BE,IDBI,IDBI Bank Limited, ,07/07/2023,13/07/2023,06/07/2023, , ,AGM/DIV - RE 1 PER SH    
BE,MPHASIS,MphasiS Limited, ,06/07/2023,20/07/2023,05/07/2023, , ,AGM/DIV - RS 50 PER SH   
BE,OILCOUNTUB,Oil Country Tubular Ltd, ,07/07/2023,13/07/2023,06/07/2023, , ,ANNUAL GENERAL MEETING   
BE,PIXTRANS,Pix Transmissions Limited, ,12/07/2023,19/07/2023,11/07/2023, , ,AGM/DIV - RS 6 PER SH    
BZ,EDUCOMP,Educomp Solutions Limited, ,14/07/2023,20/07/2023,13/07/2023, , ,ANNUAL GENERAL MEETING   
BZ,JYOTISTRUC,Jyoti Structures Ltd, ,14/07/2023,21/07/2023,13/07/2023, , ,ANNUAL GENERAL MEETING   
BZ,RNAVAL,Reliance Naval & Eng Ltd.,14/07/2023, , ,14/07/2023, , ,CAPITAL REDUCTION        
EQ,MAHLOG,Mahindra Logistic Limited, ,15/07/2023,24/07/2023,14/07/2023, , ,DIV - RS 2.50 PER SH     
EQ,COROMANDEL,Coromandel Internl Ltd., ,15/07/2023,27/07/2023,14/07/2023, , ,ANNUAL GENERAL MEETING   
EQ,COROMANDEL,Coromandel Internl Ltd.,14/07/2023, , ,14/07/2023, , ,DIV - RS 6 PER SH        
EQ,RECLTD,Rural Electrification Cor,14/07/2023, , ,14/07/2023, , ,DIV - RS 4.35 PER SH     
EQ,AUBANK,AU Small Finance Bank Ltd,14/07/2023, , ,14/07/2023, , ,DIV - RE 1 PER SH        
EQ,UJJIVANSFB,Ujjivan Small Financ Bank,14/07/2023, , ,14/07/2023, , ,DIV - RE 0.50 PER SH     
EQ,HDFC,HDFC Ltd.,13/07/2023, , , , , ,MERGER                   
EQ,RNAVAL,Reliance Naval & Eng Ltd.,14/07/2023, , ,14/07/2023, , ,CAPITAL REDUCTION        
EQ,ATFL,Agro Tech Foods Limited, ,05/07/2023,12/07/2023,04/07/2023, , ,AGM/DIV - RS 3 PER SH    
EQ,APTECHT,Aptech Limited,14/07/2023, , ,14/07/2023, , ,BONUS 2:5                
EQ,ESCORTS,Escorts India Ltd., ,01/07/2023,14/07/2023,30/06/2023, , ,AGM/DIV- RS 7 PER SH     
EQ,SAH,Sah Polymers Limited, ,08/07/2023,14/07/2023,07/07/2023, , ,ANNUAL GENERAL MEETING   
EQ,WENDT,Wendt (India) Ltd., ,14/07/2023,21/07/2023,13/07/2023, , ,AGM/DIV - RS 50 PER SH   
EQ,NURECA,Nureca Limited, ,14/07/2023,20/07/2023,13/07/2023, , ,ANNUAL GENERAL MEETING   
EQ,ORIENTHOT,Oriental Hotels Ltd, ,14/07/2023,20/07/2023,13/07/2023, , ,AGM/DIV-RE 0.50 PER SH   
EQ,JYOTISTRUC,Jyoti Structures Ltd, ,14/07/2023,21/07/2023,13/07/2023, , ,ANNUAL GENERAL MEETING   
EQ,TIRUMALCHM,Thirumalai Chemicals Ltd, ,16/07/2023,22/07/2023,14/07/2023, , ,AGM/DIV-RS 1.50 PER SH   
EQ,SATINDLTD,Sat Industries Limited, ,12/07/2023,18/07/2023,11/07/2023, , ,ANNUAL GENERAL MEETING   
EQ,AVADHSUGAR,Avadh Sug & Energy Ltd,12/07/2023, , ,12/07/2023, , ,DIV - RS 10 PER SH       
EQ,WHEELS,Wheels India Ltd, ,13/07/2023,19/07/2023,12/07/2023, , ,AGM/DIV-RS 3.97 PER SH   
EQ,KIRLPNU,Kirloskar Pneumatic Com L, ,13/07/2023,20/07/2023,12/07/2023, , ,AGM/DIV - RS 3 PER SH    
EQ,APOLLOTYRE,Apollo Tyres Ltd.,14/07/2023, , ,14/07/2023, , ,DIV/SPLDV- RS 4/RE 0.50  
EQ,KEERTI,Keerti Know & Skill Ltd., ,13/07/2023,20/07/2023,12/07/2023, , ,ANNUAL GENERAL MEETING   
EQ,MAANALU,Maan Aluminium Limited, ,13/07/2023,19/07/2023,12/07/2023, , ,ANNUAL GENERAL MEETING   
EQ,ATUL,Atul Ltd., ,15/07/2023,21/07/2023,14/07/2023, , ,AGM/DIV - RS 25 PER SH   
EQ,BOSCHLTD,Bosch Limited, ,15/07/2023,01/08/2023,14/07/2023, , ,AGM/DIV- RS 280 PER SH   
EQ,M&M,Mah & Mah Ltd., ,15/07/2023,04/08/2023,14/07/2023, , ,AGM/DIV-RS 16.25 PER SH  
EQ,TASTYBITE,Tasty Bite Eatables Ltd, ,15/07/2023,09/08/2023,14/07/2023, , ,AGM/DIV - RS 2 PER SH    
EQ,BHARATWIRE,Bharat Wire Ropes Ltd., ,15/07/2023,21/07/2023,14/07/2023, , ,ANNUAL GENERAL MEETING   
EQ,SAFARI,Safari Ind (India) Ltd,14/07/2023, , ,14/07/2023, , ,DIV - RS 2 PER SH        
EQ,ADANITRANS,Adani Transmission Ltd, ,12/07/2023,19/07/2023,11/07/2023, , ,ANNUAL GENERAL MEETING   
EQ,ADANIGREEN,Adani Green Energy Ltd, ,12/07/2023,19/07/2023,11/07/2023, , ,ANNUAL GENERAL MEETING   
EQ,ADANIPOWER,Adani Power Limited, ,12/07/2023,19/07/2023,11/07/2023, , ,ANNUAL GENERAL MEETING   
EQ,AMRUTANJAN,Amrutajan Health Ltd,13/07/2023, , ,13/07/2023, , ,BUY BACK                 
EQ,BANARBEADS,Banaras Beads Ltd, ,08/07/2023,14/07/2023,07/07/2023, , ,ANNUAL GENERAL MEETING   
EQ,TARSONS,Tarsons Products Limited, ,08/07/2023,14/07/2023,07/07/2023, , ,ANNUAL GENERAL MEETING   
EQ,LUPIN,Lupin Limited,14/07/2023, , ,14/07/2023, , ,DIV - RS 4 PER SH        
EQ,MAGADSUGAR,Magadh Sugar & Energy Ltd,13/07/2023, , ,13/07/2023, , ,DIV - RS 7 PER SH        
EQ,NEULANDLAB,Neuland Laboratories Ltd, ,12/07/2023,14/07/2023,11/07/2023, , ,AGM/DIV - RS 10 PER SH   
EQ,JSWSTEEL,JSW Steel Limited, ,12/07/2023,14/07/2023,11/07/2023, , ,AGM/DIV-RS 3.40 PER SH   
EQ,PERSISTENT,Persistent Systems Ltd, ,12/07/2023,18/07/2023,11/07/2023, , ,AGM/DIV/SPLDV RS 12/RS10 
EQ,SUNDARMHLD,Sundaram Finance Hold Ltd, ,04/07/2023,14/07/2023,03/07/2023, , ,AGM/DIV&SPLDV-RS1.5 & 1  
EQ,SWARAJENG,Swaraj Engines Ltd, ,08/07/2023,14/07/2023,07/07/2023, , ,AGM/DIV - RS 92 PER SH   
EQ,CROMPTON,Crompt Grea Con Elec Ltd, ,08/07/2023,22/07/2023,07/07/2023, , ,AGM/DIV - RS 3 PER SH    
EQ,ASHOKLEY,Ashok Leyland Ltd., ,08/07/2023,21/07/2023,07/07/2023, , ,AGM/DIV-RS 2.60 PER SH   
EQ,JAYAGROGN,Jayant Agro Organics Ltd., ,08/07/2023,13/07/2023,07/07/2023, , ,AGM/DIV - RS 5 PER SH    
EQ,PRESSMN,Nucent Finance Limited, ,08/07/2023,14/07/2023,07/07/2023, , ,ANNUAL GENERAL MEETING   
EQ,CORALFINAC,Coral India Fin & Hous Lt, ,08/07/2023,21/07/2023,07/07/2023, , ,AGM/DIV-RE 0.30 PER SH   
EQ,LAURUSLABS,Laurus Labs Limited, ,08/07/2023,14/07/2023,07/07/2023, , ,ANNUAL GENERAL MEETING   
EQ,TECHIN,Techindia Nirman Limited, ,10/07/2023,14/07/2023,07/07/2023, , ,ANNUAL GENERAL MEETING   
EQ,AURIONPRO,Aurionpro Solutions Limit, ,09/07/2023,16/07/2023,07/07/2023, , ,EGM                      
EQ,IDEA,Vodafone Idea Limited, ,10/07/2023,17/07/2023,07/07/2023, , ,ANNUAL GENERAL MEETING   
EQ,AGRITECH,Agri-Tech (India) Limited, ,11/07/2023,15/07/2023,10/07/2023, , ,ANNUAL GENERAL MEETING   
EQ,ONWARDTEC,Onward Technologies Ltd, ,11/07/2023,17/07/2023,10/07/2023, , ,AGM/DIV - RS 3 PER SH    
EQ,JUBLFOOD,Jubilant Foodworks Limite,12/07/2023, , ,12/07/2023, , ,DIV - RS 1.20 PER SH     
EQ,SHRADHA,Shradha Infraprojects Ltd, ,08/07/2023,22/07/2023,07/07/2023, , ,ANNUAL GENERAL MEETING   
EQ,WIPRO,Wipro Ltd, ,11/07/2023,12/07/2023,10/07/2023, , ,ANNUAL GENERAL MEETING   
EQ,SUNDARMFIN,Sundaram Finance Ltd., ,06/07/2023,21/07/2023,05/07/2023, , ,AGM/DIV - RS 15 PER SH   
EQ,IDBI,IDBI Bank Limited, ,07/07/2023,13/07/2023,06/07/2023, , ,AGM/DIV - RE 1 PER SH    
EQ,MPHASIS,MphasiS Limited, ,06/07/2023,20/07/2023,05/07/2023, , ,AGM/DIV - RS 50 PER SH   
EQ,OILCOUNTUB,Oil Country Tubular Ltd, ,07/07/2023,13/07/2023,06/07/2023, , ,ANNUAL GENERAL MEETING   
EQ,PIXTRANS,Pix Transmissions Limited, ,12/07/2023,19/07/2023,11/07/2023, , ,AGM/DIV - RS 6 PER SH    
EQ,DRREDDY,Dr. Reddys Lab Ltd, ,12/07/2023,14/07/2023,11/07/2023, , ,AGM/DIV - RS 40 PER SH   
EQ,RELIANCE,Reliance Industries Ltd,20/07/2023, , ,20/07/2023, , ,DEMERGER                 
EQ,HAPPSTMNDS,Happiest Minds Techno Ltd, ,08/07/2023,17/07/2023,07/07/2023, , ,AGM/DIV - RS 3.40 PER SH 
EQ,NUCLEUS,Nucleus Software Exports, ,08/07/2023,14/07/2023,07/07/2023, , ,AGM/DIV - RS 10 PER SH   
EQ,EDUCOMP,Educomp Solutions Limited, ,14/07/2023,20/07/2023,13/07/2023, , ,ANNUAL GENERAL MEETING   
EQ,BLISSGVS,Bliss GVS Pharma Ltd, ,13/07/2023,19/07/2023,12/07/2023, , ,AGM/DIV-RE 0.50 PER SH   
EQ,TITAN,Titan Company Limited, ,14/07/2023,01/08/2023,13/07/2023, , ,AGM/DIV - RS 10 PER SH   
EQ,ICICIPRULI,ICICI Pru Life Ins Co Ltd, ,14/07/2023,28/07/2023,13/07/2023, , ,DIV - RE 0.60 PER SH     
EQ,KABRAEXTRU,Kabra Extrus Technik Ltd,14/07/2023, , ,14/07/2023, , ,DIV - RS 3.50 PER SH     
EQ,EXPLEOSOL,Expleo Solutions Limited,14/07/2023, , ,14/07/2023, , ,DIV - RS 5 PER SH        
EQ,ARTEMISMED,Artemis Med Services Ltd,14/07/2023, , ,14/07/2023, , ,DIV - RE 0.45 PER SH     
EQ,ASTRAZEN,AstraZeneca Pharma India,14/07/2023, , ,14/07/2023, , ,DIV - RS 16 PER SH       
EQ,NDRAUTO,NDR Auto Components Ltd, ,13/07/2023,19/07/2023,12/07/2023, , ,AGM/DIV - RS 5 PER SH    
EQ,BSOFT,BIRLASOFT LIMITED,14/07/2023, , ,14/07/2023, , ,DIV - RS 2 PER SH        
EQ,AWL,Adani Wilmar Limited, ,13/07/2023,20/07/2023,12/07/2023, , ,ANNUAL GENERAL MEETING   
EQ,KIRLFER,Kirloskar Ferrous Ind Ltd,14/07/2023, , ,14/07/2023, , ,DIV - RS 3 PER SH        
K3,HDFC,Housing Dvpt Fin Corp Ltd,13/07/2023, , , , , ,MERGER                   
MF,UFDS2QPIG5,UTIAMC - UFDS2QPIG5,02/08/2023, , , , , ,STP                      
MF,UTFDQIPIPI,UTIAMC - UTFDQIPIPI,18/07/2023, , , , , ,DIV/STP                  
MF,UTFDQIPIGI,UTIAMC - UTFDQIPIGI,18/07/2023, , , , , ,STP                      
MF,UFDS2QPIP5,UTIAMC - UFDS2QPIP5,02/08/2023, , , , , ,DIV/STP                  
MF,UFIS2QPRG5,UTI-FIIF II-QIP- V-RG,02/08/2023, , , , , ,STP                      
MF,UFDS2QPIR5,UTIAMC - UFDS2QPIR5,02/08/2023, , , , , ,DIV/STP                  
MF,UFIS2QPRR5,UTI-FIIF II-QIP- V-RDR,02/08/2023, , , , , ,DIV/STP                  
MF,UTFIQIPRPI,UTI-FIIF QIP - I - RDP,18/07/2023, , , , , ,DIV/STP                  
MF,UTFIQIPRGI,UTI-FIIF QIP - I - RG,18/07/2023, , , , , ,STP                      
MF,UFIS2QPRP5,UTI-FIIF II-QIP- V-RDP,02/08/2023, , , , , ,DIV/STP                  
MF,UTFDQIPIRI,UTIAMC - UTFDQIPIRI,18/07/2023, , , , , ,DIV/STP                  
MF,UTFIQIPRRI,UTI-FIIF QIP - I - RDR,18/07/2023, , , , , ,DIV/STP                  
MF,MC2DD,SUNDARMAMC - MC2DD,25/07/2023, , , , , ,REDEMPTION               
MF,MC2RD,SUNDARMAMC - MC2RD,25/07/2023, , , , , ,REDEMPTION               
MF,MC2RG,SUNDARMAMC - MC2RG,25/07/2023, , , , , ,REDEMPTION               
MF,MC2DG,SUNDARMAMC - MC2DG,25/07/2023, , , , , ,REDEMPTION               
MJ,IBULHSGFIN,Sec Re NCD 8.05% Sr.III,13/07/2023, , ,13/07/2023, , ,INTEREST PAYMENT         
MK,IBULHSGFIN,Sec Re NCD 8.42% Sr.III,13/07/2023, , ,13/07/2023, , ,INTEREST PAYMENT         
MO,IBULHSGFIN,Sec Re NCD 8.20% Sr.VI,13/07/2023, , ,13/07/2023, , ,INTEREST PAYMENT         
MP,IBULHSGFIN,Sec Re NCD 8.66% Sr.VI,13/07/2023, , ,13/07/2023, , ,INTEREST PAYMENT         
MS,IBULHSGFIN,Sec Re NCD 8.43% Sr.VIII,13/07/2023, , ,13/07/2023, , ,INTEREST PAYMENT         
MT,IBULHSGFIN,Sec Re NCD 8.89% Sr.VIII,13/07/2023, , ,13/07/2023, , ,INTEREST PAYMENT         
MY,IBULHSGFIN,Sec Re NCD 8.33% Sr.III,13/07/2023, , ,13/07/2023, , ,INTEREST PAYMENT         
MZ,IBULHSGFIN,Sec Re NCD 8.70% Sr.III,13/07/2023, , ,13/07/2023, , ,INTEREST PAYMENT         
NF,DHANILOANS,Dhani Loans & Serv Ltd,12/07/2023, , ,12/07/2023, , ,INTEREST PAYMENT         
NH,INDIGRID,India Grid Trust,24/07/2023, , ,24/07/2023, , ,INTEREST PAYMENT         
SG,454RJ23,SDL RJ 4.54% 2023,28/07/2023, , , , , ,REDEMPTION               
SG,454BR23,SDL BR 4.54% 2023,28/07/2023, , , , , ,REDEMPTION               
SG,452BR23,SDL BR 4.52% 2023,21/07/2023, , , , , ,REDEMPTION               
SG,439MH23,SDL MH 4.39% 2023,14/07/2023, , , , , ,REDEMPTION               
SG,44HR23,SDL HR 4.4% 2023,14/07/2023, , , , , ,REDEMPTION               
SM,FIDEL,Fidel Softech Limited,14/07/2023, , ,14/07/2023, , ,DIV - RE 0.70 PER SH     
SM,PARIN,Parin Furniture Limited, ,09/07/2023,15/07/2023,07/07/2023, , ,ANNUAL GENERAL MEETING   
SM,VIVIANA,Viviana Power Tech Ltd, ,14/07/2023,21/07/2023,13/07/2023, , ,ANNUAL GENERAL MEETING   
SQ,FIDEL,Fidel Softech Limited,14/07/2023, , ,14/07/2023, , ,DIV - RE 0.70 PER SH     
SQ,PARIN,Parin Furniture Limited, ,09/07/2023,15/07/2023,07/07/2023, , ,ANNUAL GENERAL MEETING   
SQ,VIVIANA,Viviana Power Tech Ltd, ,14/07/2023,21/07/2023,13/07/2023, , ,ANNUAL GENERAL MEETING   
ST,PARIN,Parin Furniture Limited, ,09/07/2023,15/07/2023,07/07/2023, , ,ANNUAL GENERAL MEETING   
ST,FIDEL,Fidel Softech Limited,14/07/2023, , ,14/07/2023, , ,DIV - RE 0.70 PER SH     
ST,VIVIANA,Viviana Power Tech Ltd, ,14/07/2023,21/07/2023,13/07/2023, , ,ANNUAL GENERAL MEETING   
UF,DHANILOANS,Dhani Loans & Serv Ltd,12/07/2023, , ,12/07/2023, , ,INTEREST PAYMENT         
UH,INDIGRID,India Grid Trust,24/07/2023, , ,24/07/2023, , ,INTEREST PAYMENT         
W3,HDFC,Housing Dvpt Fin Corp Ltd,13/07/2023, , , , , ,MERGER                   
YJ,IBULHSGFIN,Sec Re NCD 8.05% Sr.III,13/07/2023, , ,13/07/2023, , ,INTEREST PAYMENT         
YK,IBULHSGFIN,Sec Re NCD 8.42% Sr.III,13/07/2023, , ,13/07/2023, , ,INTEREST PAYMENT         
YO,IBULHSGFIN,Sec Re NCD 8.20% Sr.VI,13/07/2023, , ,13/07/2023, , ,INTEREST PAYMENT         
YP,IBULHSGFIN,Sec Re NCD 8.66% Sr.VI,13/07/2023, , ,13/07/2023, , ,INTEREST PAYMENT         
YS,IBULHSGFIN,Sec Re NCD 8.43% Sr.VIII,13/07/2023, , ,13/07/2023, , ,INTEREST PAYMENT         
YT,IBULHSGFIN,Sec Re NCD 8.89% Sr.VIII,13/07/2023, , ,13/07/2023, , ,INTEREST PAYMENT         
YY,IBULHSGFIN,Sec Re NCD 8.33% Sr.III,13/07/2023, , ,13/07/2023, , ,INTEREST PAYMENT         
YZ,IBULHSGFIN,Sec Re NCD 8.70% Sr.III,13/07/2023, , ,13/07/2023, , ,INTEREST PAYMENT         
Z4,IBULHSGFIN,Sec Red NCD Sr. II,13/07/2023, , ,13/07/2023, , ,INTEREST PAYMENT         
Z5,IBULHSGFIN,Sec Red NCD 8.75% Sr. III,13/07/2023, , ,13/07/2023, , ,INTEREST PAYMENT         
Z8,IBULHSGFIN,Sec Red NCD 8.65% Sr. V,13/07/2023, , ,13/07/2023, , ,INTEREST PAYMENT         
Z9,IBULHSGFIN,Sec Red NCD 8.85% Sr. VI,13/07/2023, , ,13/07/2023, , ,INTEREST PAYMENT         

