SYMBOL,SERIES,SECURITY,HIGH/LOW,INDEX FLAG
AARTECH,EQ,AARTECH SOLONICS LIMITED,H
ADL,BE,ARCHIDPLY DECOR LIMITED,H
AILIMITED,SM,ABHISHEK INTEGRATIONS LTD,H
AISL,SM,ANI INTEGRATED SERV LTD.,H
ALPSINDUS,BE,ALPS INDUSTRIES LTD.,H
APOLLO,EQ,APOLLO MICRO SYSTEMS LTD,H
ASIANHOTNR,BE,ASIAN HOTELS (NORTH) LTD,H
AXISCADES,BE,AXISCADES TECH LTD,H
BBOX,EQ,BLACK BOX LIMITED,H
BKMINDST,BZ,BKM INDUSTRIES LIMITED,H
BMETRICS,SM,BOMBAY METRICS S C LTD,H
BOHRAIND,EQ,BOHRA INDUSTRIES LIMITED,H
CADSYS,SM,CADSYS (INDIA) LIMITED,H
CARTRADE,EQ,CARTRADE TECH LIMITED,H
CLOUD,SM,VARANIUM CLOUD LIMITED,H
CONTI,SM,CONTINENTAL SEED CHEM LTD,H
CORDSCABLE,BE,CORDS CABLE INDUS LTD.,H
CYIENTDLM,EQ,CYIENT DLM LIMITED,H
DCMFINSERV,BE,DCM FINANCIAL SERVICES LT,H
DGCONTENT,BE,DIGICONTENT LIMITED,H
DRL,SM,DHANUKA REALTY LIMITED,H
EIMCOELECO,BE,EIMCO ELECON (INDIA) LTD,H
EQUIPPP,BE,EQUIPPP SOC IMP TECH LTD,H
FCONSUMER,BE,FUTURE CONSUMER LIMITED,H
FEL,BZ,FUTURE ENTERPRISES LTD,H
FELDVR,BE,FUTURE ENTERPRISES LTD,H
FOCUS,EQ,FOCUS LIGHTG & FIXTRS LTD,H
FRETAIL,BZ,FUTURE RETAIL LIMITED,H
GEEKAYWIRE,BE,GEEKAY WIRES LIMITED,H
GIRIRAJ,SM,GIRIRAJ CIVIL DEVP LTD,H
GISOLUTION,BE,GI ENGINEERING SOLNS LTD,H
GLOBALPET,ST,GLOBAL PET INDUSTRIES LTD,H
GODHA,BE,GODHA CABCON INSULAT LTD,H
GOENKA,BZ,GOENKA DIAMOND&JEWELS LTD,H
GOLDSTAR,SM,GOLDSTAR POWER LIMITED,H
GOLDTECH,BE,GOLDSTONE TECHNOLOGIES LT,H
GVKPIL,EQ,GVK POW. & INFRA LTD.,H
HAVISHA,BE,SRI HAVISHA HOSP & INFR L,H
HYBRIDFIN,BE,HYBRID FINANCIAL SERVICE,H
ICEMAKE,EQ,ICE MAKE REFRIGERAT LTD,H
IL&FSTRANS,BZ,IL&FS TRANS NET LTD,H
IMPEXFERRO,BE,IMPEX FERRO TECH LIMITED,H
INDLMETER,BZ,IMP POWERS LTD,H
INDRAMEDCO,BE,INDRAPRASTHA MED-ROLLSETT,H
INNOVATIVE,ST,INNOVATIVE TYRES & TUBES,H
JAIBALAJI,BE,JAI BALAJI INDUSTRIES LTD,H
JAYBARMARU,EQ,JAY BHARAT MARUTI LTD,H
JYOTISTRUC,BE,JYOTI STRUCTURES,H
KAUSHALYA,BE,KAUSHALYA INFRA DEV LTD.,H
KAVVERITEL,BE,KAVVERI TEL. LTD.,H
KECL,BE,KIRLOSKAR ELECTRIC CO LTD,H
KSHITIJPOL,BE,KSHITIJ POLYLINE LIMITED,H
LRRPL,SM,LEAD REC AND RUB PROD LTD,H
MADHAVBAUG,SM,VAIDYA SANE AYUR LAB LTD,H
MAHESHWARI,BE,MAHESHWARI LOGISTICS LTD.,H
MANORAMA,BE,MANORAMA INDUSTRIES LTD,H
MARINE,EQ,MARINE ELECTRICAL (I) LTD,H
MASKINVEST,BE,MASK INVESTMENTS LIMITED,H
MAZDOCK,EQ,MAZAGON DOCK SHIPBUIL LTD,H
MCON,SM,MCON RASAYAN INDIA LTD,H
MELSTAR,BZ,MELSTAR INFORMATION TECH,H
MINDPOOL,SM,MINDPOOL TECHNOLOGIES LTD,H
MIRCELECTR,EQ,MIRC ELECTRONICS LTD,H
MOLOWVOL,EQ,MOTILALAMC - MOLOWVOL,H
NDRAUTO,BE,NDR AUTO COMPONENTS LTD,H
NEXTMEDIA,EQ,NEXT MEDIAWORKS LIMITED,H
NIRMAN,SM,NIRMAN AGRI GENTICS LTD,H
NORBTEAEXP,BE,NORBEN TEA &EXPORTS LTD,H
OMKARCHEM,BZ,OMKAR SPL CHEM LTD,H
ORTEL,BZ,ORTEL COMMUNICATIONS LTD,H
PANACHE,EQ,PANACHE DIGILIFE LIMITED,H
PARASPETRO,BE,PARAS PETROFILS LTD.,H
PATELENG,BE,PATEL ENGINEERING LTD.,H
PCJEWELLER,EQ,PC JEWELLER LTD,H
PENINLAND,EQ,PENINSULA LAND LIMITED,H
PREMEXPLN,EQ,PREMIER EXPLOSIVES LTD,H
PREMIERPOL,BE,PREMIER POLYFILMS LTD,H
PROLIFE,SM,PROLIFE INDUSTRIES LTD,H
PTCIL,EQ,PTC INDUSTRIES LIMITED,H
RAJMET,BE,RAJNANDINI METAL LIMITED,H
RCOM,BE,RELIANCE COMMUNICATIONS L,H
REXPIPES,SM,REX PIPES AND CABLES LTD,H
RHFL,EQ,RELIANCE HOME FINANCE LTD,H
RILINFRA,SM,RACHANA INFRA LTD,H
RMDRIP,SM,R M DRIP & SPRINK SYS LTD,H
SABTN,BE,SRI ADHIKARI BROS.,H
SANCO,BZ,SANCO INDUSTRIES LIMITED,H
SANGHIIND,EQ,SANGHI INDUSTRIES LTD,H
SELMC,BE,SEL MANUFACTURING CO LTD,H
SEPC,EQ,SEPC LIMITED,H
SERVOTECH,BE,SERVOTECH POWER SYS LTD.,H
SEYAIND,BE,SEYA INDUSTRIES LIMITED,H
SHRADHA,BE,SHRADHA INFRAPROJECTS LTD,H
SILLYMONKS,EQ,SILLY MONKS ENTERTAIN LTD,H
SPENTEX,BZ,SPENTEX IND. LTD,H
SRPL,BE,SHREE RAM PROTEINS LTD.,H
SUMEETINDS,BE,SUMEET IND LIMITED,H
SUZLON,EQ,SUZLON ENERGY LIMITED,H
SWASTIK,SM,SWASTIK PIPE LIMITED,H
TANTIACONS,BZ,TANTIA CONST LTD,H
TECILCHEM,BE,TECIL CHEMICALS,H
TIL,BZ,TIL LTD,H
TIRUPATI,SM,SHREE TIRUPATI BALAJEE,H
TPLPLASTEH,BE,TPL PLASTECH LIMITED,H
TREEHOUSE,EQ,TREE HOUSE EDU LTD,H
UNITECH,BZ,UNITECH LIMITED,H
VISASTEEL,BE,VISA STEEL LIMITED,H
VIVIDHA,EQ,VISAGAR POLYTEX LTD,H
WANBURY,BE,WANBURY LIMITED,H
21STCENMGM,EQ,21ST CENTURY MGMT SERVICE,L
3RDROCK,IT,3RD ROCK MULTIMEDIA LTD,L
4THDIM,BE,FOURTH DIMENSION SOL L,L
687AS31A,SG,SDL AS 6.87% 2031,L
734TN43,SG,SDL TN 7.34% 2043,L
ACEINTEG,BE,ACE INTEGRATED SOLU. LTD.,L
AJOONI,BE,AJOONI BIOTECH LIMITED,L
ALPSINDUS,BE,ALPS INDUSTRIES LTD.,L
ANTGRAPHIC,EQ,ANTARCTICA LTD,L
ARENTERP,BE,RAJDARSHAN INDUSTRIES LTD,L
ARTNIRMAN,EQ,ART NIRMAN LIMITED,L
BCG,EQ,BRIGHTCOM GROUP LIMITED,L
BKMINDST,BZ,BKM INDUSTRIES LIMITED,L
BOHRAIND,EQ,BOHRA INDUSTRIES LIMITED,L
BSHSL,BE,BOMBAY SUPER HYBRID SEEDS,L
CELLPOINT,ST,CELL POINT (INDIA) LTD,L
CLOUD,SM,VARANIUM CLOUD LIMITED,L
CYBERTECH,BE,CYBERTECH SYSTEMS & SOFTW,L
DUGLOBAL,SM,DUDIGITAL GLOBAL LIMITED,L
DYNAMIC,SM,DYNAMIC SRVCS & SEC LTD,L
EIMCOELECO,BE,EIMCO ELECON (INDIA) LTD,L
EMKAYTOOLS,SM,EMKAY TAP & CUT. TOOL LTD,L
ESFL,ST,ESSEN SPECIALITY FILMS L,L
EUROTEXIND,EQ,EUROTEX INDUSTRIES LTD,L
EXCEL,BE,EXCEL REALTY N INFRA LTD,L
FOCUS,EQ,FOCUS LIGHTG & FIXTRS LTD,L
GLOBALPET,ST,GLOBAL PET INDUSTRIES LTD,L
GODHA,BE,GODHA CABCON INSULAT LTD,L
GOLDSTAR,SM,GOLDSTAR POWER LIMITED,L
GREENCHEF,ST,GREENCHEF APPLIANCES LTD,L
HAVISHA,BE,SRI HAVISHA HOSP & INFR L,L
HOMESFY,SM,HOMESFY REALTY LIMITED,L
IITL,BE,INDUSTRIAL INV TRUST LTD,L
IL&FSENGG,BZ,IL&FS ENG AND CONS CO LTD,L
IL&FSTRANS,BZ,IL&FS TRANS NET LTD,L
INDLMETER,BZ,IMP POWERS LTD,L
INNOVATIVE,ST,INNOVATIVE TYRES & TUBES,L
ISHAN,SM,ISHAN INTERNATIONAL LTD,L
JALAN,SM,JALAN TRANSOLU. INDIA LTD,L
JITFINFRA,BE,JITF INFRALOGISTICS LTD,L
KAVVERITEL,BE,KAVVERI TEL. LTD.,L
KBCGLOBAL,BE,KBC GLOBAL LIMITED,L
KERNEX,BE,KERNEX MICROSYS(I) LTD,L
KHANDSE,BE,KHANDWALA SECURITIES LTD,L
KRIDHANINF,BE,KRIDHAN INFRA LIMITED,L
KSHITIJPOL,BE,KSHITIJ POLYLINE LIMITED,L
LATTEYS,BE,LATTEYS INDUSTRIES LTD,L
LRRPL,SM,LEAD REC AND RUB PROD LTD,L
MAGSON,ST,MAGSON RETAIL AND DIST L,L
MDL,SM,MARVEL DECOR LIMITED,L
METALFORGE,BZ,METALYST FORGINGS LIMITED,L
NAGREEKCAP,BE,NAGREEKA CAP & INFR.LTD,L
NILASPACES,BE,NILA SPACES LIMITED,L
ORTEL,BZ,ORTEL COMMUNICATIONS LTD,L
ORTINLAB,BE,ORTIN LABORATORIES LTD,L
PENTAGON,ST,PENTAGON RUBBER LIMITED,L
PERFECT,SM,PERFECT INFRAENGINEER LTD,L
RAJRILTD,BE,RAJ RAYON INDUSTRIES LTD,L
RCOM,BE,RELIANCE COMMUNICATIONS L,L
RELIABLE,SM,RELIABLE DATA SERVICE LTD,L
RILINFRA,SM,RACHANA INFRA LTD,L
RMCL,BZ,RADHA MADHAV CO. LTD.,L
RNAVAL,BZ,RELIANCE NAVAL & ENGG LTD,L
SELMC,BE,SEL MANUFACTURING CO LTD,L
SERVOTECH,BE,SERVOTECH POWER SYS LTD.,L
SPECTRUM,SM,SPECTRUM ELECTRIC IND LTD,L
SREINFRA,BE,SREI INFRASTRUCTURE FINAN,L
SRIVASAVI,SM,SRIVASAVI ADHESIVE TAPE L,L
SRPL,BE,SHREE RAM PROTEINS LTD.,L
SYSTANGO,SM,SYSTANGO TECHNOLOGIES LTD,L
TGBHOTELS,BE,TGB BANQUETS&HOTELS LTD,L
TIJARIA,BE,TIJARIA POLYPIPES LTD,L
TIRUPATIFL,BE,TIRUPATI FORGE LIMITED,L
USASEEDS,SM,UPSURGE SEEDS OF AGRI LTD,L
V2RETAIL,BE,V2 RETAIL LIMITED,L
VENUSREM,BE,VENUS REMEDIES LIMITED,L
VILINBIO,ST,VILIN BIO MED LIMITED,L
VINNY,BE,VINNY OVERSEAS LIMITED,L
VISESHINFO,EQ,VISESH INFOTECNICS LTD,L
YAARI,BE,YAARI DIGI INT SER LTD,L
