GAIN_LOSS,SECURITY,CLOSE_PRIC,PREV_CL_PR,PERCENT_CG
 ,Nifty 50 Sec., , , 
 , , , , 
G,SUN PHARMACEUTICAL IND L,      1072.25,      1045.00,2.61
G,EICHER MOTORS LTD,      3253.05,      3173.90,2.49
G,APOLLO HOSPITALS ENTER. L,      5257.00,      5158.35,1.91
G,TATA CONSUMER PRODUCT LTD,       840.30,       825.65,1.77
G,MARUTI SUZUKI INDIA LTD.,      9900.15,      9736.30,1.68
G,TATA MOTORS LIMITED,       628.50,       618.65,1.59
G,ITC LTD,       473.15,       465.85,1.57
G,ASIAN PAINTS LIMITED,      3392.55,      3343.15,1.48
G,LARSEN & TOUBRO LTD.,      2474.55,      2438.75,1.47
G,INFOSYS LIMITED,      1348.60,      1329.15,1.46
G,GRASIM INDUSTRIES LTD,      1767.70,      1743.00,1.42
G,POWER GRID CORP. LTD.,       253.50,       250.00,1.4
G,TITAN COMPANY LIMITED,      3087.60,      3045.55,1.38
G,ADANI PORT & SEZ LTD,       729.90,       720.10,1.36
G,TECH MAHINDRA LIMITED,      1161.45,      1147.15,1.25
G,BHARAT PETROLEUM CORP  LT,       390.90,       386.20,1.22
G,NESTLE INDIA LIMITED,     22852.30,     22580.25,1.2
G,MAHINDRA & MAHINDRA LTD,      1569.45,      1551.40,1.16
G,OIL AND NATURAL GAS CORP.,       164.60,       162.75,1.14
G,CIPLA LTD,      1027.80,      1016.70,1.09
G,RELIANCE INDUSTRIES LTD,      2764.70,      2735.05,1.08
G,HINDUSTAN UNILEVER LTD.,      2684.50,      2656.55,1.05
G,BRITANNIA INDUSTRIES LTD,      5083.90,      5031.85,1.03
G,INDUSIND BANK LIMITED,      1380.95,      1367.00,1.02
G,BHARTI AIRTEL LIMITED,       891.90,       885.40,.73
G,HDFC LIFE INS CO LTD,       672.55,       668.25,.64
G,WIPRO LTD,       392.05,       389.95,.54
G,ADANI ENTERPRISES LIMITED,      2422.90,      2410.25,.52
G,NTPC LTD,       192.40,       191.55,.44
G,BAJAJ AUTO LIMITED,      4917.65,      4897.95,.4
 , , , , 
L,UPL LIMITED,       644.25,       660.10,-2.4
L,JSW STEEL LIMITED,       797.40,       810.60,-1.63
L,BAJAJ FINANCE LIMITED,      7444.00,      7533.25,-1.18
L,AXIS BANK LIMITED,       953.20,       964.05,-1.13
L,HCL TECHNOLOGIES LTD,      1114.90,      1124.50,-0.85
L,HINDALCO  INDUSTRIES  LTD,       424.65,       427.85,-0.75
L,STATE BANK OF INDIA,       588.55,       592.60,-0.68
L,HERO MOTOCORP LIMITED,      3102.60,      3123.70,-0.68
L,HDFC LTD,      2747.35,      2765.45,-0.65
L,HDFC BANK LTD,      1648.40,      1656.45,-0.49
L,ICICI BANK LTD.,       944.95,       948.40,-0.36
L,BAJAJ FINSERV LTD.,      1592.40,      1597.80,-0.34
L,ULTRATECH CEMENT LIMITED,      8325.90,      8351.35,-0.3
L,TATA STEEL LIMITED,       115.15,       115.30,-0.13
L,KOTAK MAHINDRA BANK LTD,      1866.60,      1866.90,-0.02
 , , , , 
 ,Nifty Next 50 Sec., , , 
 , , , , 
G,FSN E COMMERCE VENTURES,       146.85,       139.45,5.31
G,HINDUSTAN AERONAUTICS LTD,      3917.45,      3776.45,3.73
G,BHARAT ELECTRONICS LTD,       127.40,       123.00,3.58
G,SIEMENS LTD,      3766.60,      3647.45,3.27
G,ZOMATO LIMITED,        76.80,        74.80,2.67
G,GLAND PHARMA LIMITED,      1104.30,      1084.75,1.8
G,SAMVRDHNA MTHRSN INTL LTD,        92.40,        90.80,1.76
G,PIDILITE INDUSTRIES LTD,      2638.85,      2595.85,1.66
G,INFO EDGE (I) LTD,      4402.40,      4331.85,1.63
G,AVENUE SUPERMARTS LIMITED,      3827.10,      3767.70,1.58
G,DABUR INDIA LTD,       581.65,       572.70,1.56
G,TORRENT PHARMACEUTICALS L,      1941.60,      1911.95,1.55
G,HDFC AMC LIMITED,      2282.75,      2248.75,1.51
G,INDUS TOWERS LIMITED,       164.90,       162.50,1.48
G,MPHASIS LIMITED,      1908.85,      1884.60,1.29
G,HAVELLS INDIA LIMITED,      1307.65,      1291.15,1.28
G,P&G HYGIENE & HEALTH CARE,     14712.45,     14529.60,1.26
G,MUTHOOT FINANCE LIMITED,      1270.85,      1255.35,1.23
G,INTERGLOBE AVIATION LTD,      2703.75,      2671.60,1.2
G,UNITED SPIRITS LIMITED,       925.35,       914.90,1.14
G,COLGATE PALMOLIVE LTD.,      1798.70,      1779.35,1.09
G,MARICO LIMITED,       531.55,       527.10,0.84
G,INDIAN OIL CORP LTD,        98.10,        97.40,0.72
G,BANK OF BARODA,       204.85,       203.40,0.71
G,GODREJ CONSUMER PRODUCTS,      1061.85,      1054.85,0.66
G,ADANI GREEN ENERGY LTD,       965.15,       959.45,0.59
G,ADANI TRANSMISSION LTD,       754.05,       749.85,0.56
G,LIFE INSURA CORP OF INDIA,       621.80,       618.55,0.53
G,BERGER PAINTS (I) LTD,       670.15,       666.65,0.53
G,INDIAN RAIL TOUR CORP LTD,       619.00,       615.90,0.5
 , , , , 
L,BANDHAN BANK LIMITED,       222.75,       228.60,-2.56
L,ONE 97 COMMUNICATIONS LTD,       806.75,       823.55,-2.04
L,CHOLAMANDALAM IN & FIN CO,      1132.00,      1151.35,-1.68
L,VEDANTA LIMITED,       277.55,       282.25,-1.67
L,ACC LIMITED,      1783.25,      1794.70,-0.64
L,PI INDUSTRIES LTD,      3657.05,      3679.30,-0.6
L,SRF LTD,      2175.35,      2187.80,-0.57
L,DLF LIMITED,       499.65,       501.55,-0.38
L,SHREE CEMENT LIMITED,     23955.35,     24017.30,-0.26
L,BIOCON LIMITED.,       254.20,       254.70,-0.2
L,SBI CARDS & PAY SER LTD,       834.30,       835.85,-0.19
L,ICICI PRU LIFE INS CO LTD,       594.25,       595.00,-0.13
 , , , , 
 ,OTHER SECURITIES, , , 
 , , , , 
G,PREMIER EXPLOSIVES LTD,       590.55,       492.15,19.99
G,MIRC ELECTRONICS LTD,        21.65,        18.05,19.94
G,CYIENT DLM LIMITED,       493.20,       420.60,17.26
G,CARTRADE TECH LIMITED,       555.95,       487.35,14.08
G,ELECON ENG. CO. LTD,       722.10,       633.30,14.02
G,BHARAT DYNAMICS LIMITED,      1231.60,      1080.45,13.99
G,ZEN TECHNOLOGIES LIMITED,       480.80,       425.00,13.13
G,GUJ. APOLLO IND. LTD.,       215.75,       191.00,12.96
G,GAYATRI RUBB AND CHEM LTD,        53.90,        48.20,11.83
G,ROSSELL INDIA LIMITED,       404.50,       363.00,11.43
G,COCHIN SHIPYARD LIMITED,       647.30,       582.60,11.11
G,LLOYDS STEELS IND. LTD.,        29.75,        26.80,11.01
G,MAZAGON DOCK SHIPBUIL LTD,      1591.85,      1447.15,10
G,BLACK BOX LIMITED,       184.55,       167.80,9.98
G,AARTECH SOLONICS LIMITED,       129.10,       117.40,9.97
G,PANACHE DIGILIFE LIMITED,        70.10,        63.75,9.96
G,PC JEWELLER LTD,        35.90,        32.65,9.95
G,PENINSULA LAND LIMITED,        26.55,        24.15,9.94
G,TOURISM FINANCE CORP. OF,        84.25,        76.70,9.84
G,INDO-NATIONAL LIMITED,       441.70,       402.55,9.73
G,IFGL REFRACTORIES LIMITED,       371.00,       338.55,9.58
G,DHANUKA REALTY LIMITED,         8.70,         7.95,9.43
G,SWELECT ENERGY SYS LTD,       466.35,       426.30,9.39
G,PARAS DEF AND SPCE TECH L,       689.65,       630.45,9.39
G,IDEAFORGE TECHNO LTD,      1269.55,      1162.40,9.22
G,KEWAL KIRAN CLOTHING LTD,       627.25,       575.00,9.09
G,NELCO LTD,       764.50,       701.80,8.93
G,LOTUS EYE HOSP & INST L,        82.90,        76.15,8.86
G,AUTOMOTIVE STAMPINGS & AS,       429.30,       394.40,8.85
G,MARINE ELECTRICAL (I) LTD,        57.50,        52.90,8.7
 , , , , 
L,VISESH INFOTECNICS LTD,          .40,          .45,-11.11
L,CREATIVE EYE LIMITED,         3.60,         4.00,-10
L,SIMPLEX INFRASTRUCTURES L,        30.50,        33.85,-9.9
L,ART NIRMAN LIMITED,        59.30,        65.70,-9.74
L,TRUCAP FINANCE LIMITED,        50.05,        55.10,-9.17
L,ANTARCTICA LTD,          .60,          .65,-7.69
L,MAX INDIA LIMITED,       143.75,       153.95,-6.63
L,ZEE MEDIA CORPORATION LTD,         9.60,        10.25,-6.34
L,QUADPRO ITES LIMITED,         5.25,         5.60,-6.25
L,JIND POL INV & FIN CO LTD,       544.60,       578.05,-5.79
L,SWAN ENERGY LIMITED,       248.05,       262.80,-5.61
L,VADILAL INDUSTRIES LTD,      3027.35,      3204.65,-5.53
L,AARTI PHARMALABS LIMITED,       336.80,       356.40,-5.5
L,TRANSWARRANTY FIN. LTD.,        10.85,        11.45,-5.24
L,INFINIUM PHARMACHEM LTD,       270.05,       284.95,-5.23
L,KANDARP DG SMART BPO LTD,        18.50,        19.50,-5.13
L,ORIENT ABRASIVE LTD,        39.20,        41.30,-5.08
L,RELIABLE DATA SERVICE LTD,        60.65,        63.85,-5.01
L,GREENCHEF APPLIANCES LTD,       103.50,       108.95,-5
L,SRIVASAVI ADHESIVE TAPE L,       105.40,       110.95,-5
L,MAGSON RETAIL AND DIST L,        82.65,        87.00,-5
L,SDL AS 6.87% 2031,        95.00,       100.00,-5
L,SDL TN 7.34% 2043,        95.00,       100.00,-5
L,UPSURGE SEEDS OF AGRI LTD,       411.55,       433.20,-5
L,GULSHAN POLYOLS LIMITED,       237.85,       250.35,-4.99
L,EMKAY TAP & CUT. TOOL LTD,       439.55,       462.65,-4.99
L,CELL POINT (INDIA) LTD,        64.80,        68.20,-4.99
L,PENTAGON RUBBER LIMITED,       111.50,       117.35,-4.99
L,SYSTANGO TECHNOLOGIES LTD,       228.25,       240.20,-4.98
L,HOMESFY REALTY LIMITED,       414.75,       436.40,-4.96
