SECURITY,NEW,PREVIOUS,NEW_STATUS
PREMIER POLYFILMS LTD,116.4,110.9,H
FORTIS HEALTHCARE LTD,334.55,328.4,H
DE NORA INDIA LIMITED,1978.95,1925.95,H
ICICI PRUD SENSEX ETF,731.07,731,H
TECHNO ELEC & ENG CO. LTD,421.55,409,H
VAIDYA SANE AYUR LAB LTD,321.7,314.55,H
KSOLVES INDIA LIMITED,1119.8,1058,H
SYNERGY GREEN IND. LTD,213,210,H
GOI TBILL 91D-13/07/23,99.93,99.89,H
SEC RE NCD 8.65% SR.V,989.75,988,H
WELSPUN ENTERPRISES LTD.,241.4,235,H
CG POWER AND IND SOL LTD,400,397.8,H
GARDEN REACH SHIP&ENG LTD,636.8,619,H
EMUDHRA LIMITED,489.3,477,H
SHRIRAM PIST. & RING LTD,2251,2239.75,H
ANLON TECHNOLOGY SOL LTD,300,280.5,H
CYIENT DLM LIMITED,504.7,427,H
JINDAL STAINLESS LIMITED,371.25,370.3,H
AHLUWALIA CONT IND LTD,693.05,691,H
PREMIER EXPLOSIVES LTD,590.55,539,H
BHARAT DYNAMICS LIMITED,1278,1247,H
REX PIPES AND CABLES LTD,66.7,64.35,H
SEC RE NCD SR.V,1087.9,1084.8,H
GAYATRI RUBB AND CHEM LTD,53.9,50,H
SEC RE NCD 0% SR.VII,935,930,H
APOLLO TYRES LTD,433.95,430.9,H
USHA MARTIN LTD.,300,296.45,H
BAJAJ AUTO LIMITED,4954.45,4951,H
ROSSELL INDIA LIMITED,415,384.95,H
ICICIPRAMC - ICICIAUTO,158.14,157.93,H
AARON INDUSTRIES LIMITED,239.55,188.5,H
NIRMAN AGRI GENTICS LTD,176.05,167.7,H
SRIVASAVI ADHESIVE TAPE L,115,110.95,H
SEC RE NCD 9.80% SR.II,1005,980,H
KAMAT HOTELS (I) LTD,249.45,246.15,H
EIMCO ELECON (INDIA) LTD,709.85,695,H
SARDA ENERGY & MIN LTD,1605.95,1595,H
SBIAMC - SBIETFQLTY,173.25,169.99,H
THE ANUP ENGINEERING LTD,1985,1925.9,H
WESTLIFE FOODWORLD LTD,893.25,888.65,H
D P WIRES LIMITED,574,550,H
KRISHNA INST OF MED SCI L,1899.95,1857.75,H
RAINBOW CHILDRENS MED LTD,1074.25,1049,H
GOI LOAN 7.10% 2029,110,108.59,H
DYNAMIC CABLES LIMITED,375,373.45,H
SWASTIK PIPE LIMITED,116.15,106.3,H
NEXUS SELECT TRUST,113.75,113.5,H
GOI TBILL 91D-10/08/23,99.4,99.16,H
CIE AUTOMOTIVE INDIA LTD,548.95,542.3,H
J B CHEMICALS AND PHARMA,2464.65,2447.75,H
KOVAI MEDICAL CENTER & HO,2795,2645.6,H
NIP IND ETF INFRA BEES,610,607.58,H
ZEN TECHNOLOGIES LIMITED,489,453.2,H
POWER MECH PROJECTS LTD.,3850,3739,H
CHALET HOTELS LIMITED,463,461.9,H
SAFARI IND (INDIA) LTD,3090,3072,H
MAZAGON DOCK SHIPBUIL LTD,1591.85,1454.85,H
NIPPON INDIA- NIMFXX,114.54,114.49,H
ANAND RATHI WEALTH LTD,945.65,937,H
HINDWARE HME INOVATON LTD,573.35,571.75,H
KAYNES TECHNOLOGY IND LTD,1769,1655.1,H
KEYSTONE REALTORS LIMITED,627,618,H
SEC RE NCD SR.VI,1015,1013,H
GOI TBILL 182D-31/08/23,98.75,98.5,H
GOI TBILL 91D-14/09/23,98.79,98.7,H
MRF LTD,102214.9,101974.95,H
INDRAPRASTHA MED-ROLLSETT,110.6,105.35,H
SJVN LTD,48.8,48.5,H
POLYCAB INDIA LIMITED,3799.95,3637.95,H
NDR AUTO COMPONENTS LTD,965.6,919.65,H
KALYAN JEWELLERS IND LTD,175.9,166.5,H
MEGASTAR FOODS LIMITED,315,310,H
STYRENIX PERFORMANCE LTD,1229,1206.9,H
MCON RASAYAN INDIA LTD,132.65,126.35,H
KIRLOSKAR PNEUMATIC COM L,692.05,690.85,H
ASHOKA METCAST LIMITED,20.45,19.95,H
GLOBAL PET INDUSTRIES LTD,55.4,54.6,H
REFEX INDUSTRIES LIMITED,648.95,602.4,H
INTERGLOBE AVIATION LTD,2715,2714.9,H
LLOYDS STEELS IND. LTD.,31.3,28.1,H
MISHRA DHATU NIGAM LTD,323.9,313.5,H
DATA PATTERNS INDIA LTD,1988.8,1955,H
ABHISHEK INTEGRATIONS LTD,60.35,59.9,H
CARYSIL LIMITED,714.9,714.05,H
FAZE THREE LIMITED,436.95,425,H
GLOBAL HEALTH LIMITED,703.75,699.5,H
LANDMARK CARS LIMITED,780,769,H
SADHANA NITROCHEM LIMITED,101,103,L
VILIN BIO MED LIMITED,22.35,23.3,L
CELL POINT (INDIA) LTD,64.8,68.2,L
PENTAGON RUBBER LIMITED,111.5,117.35,L
TIRUPATI FORGE LIMITED,7.25,7.4,L
RACHANA INFRA LTD,96.55,101.6,L
SEC RE NCD SR.III,950.63,975,L
GREENCHEF APPLIANCES LTD,103.5,104,L
UMA EXPORTS LIMITED,53.3,54,L
SECUR CREDENTIALS LIMITED,20,20.1,L
THE INVEST TRUST OF IND L,78.3,79.7,L
YAARI DIGI INT SER LTD,11.3,11.85,L
ARIHANT ACADEMY LIMITED,91.25,91.5,L
KRITIKA WIRES LIMITED,15.6,15.8,L
MAHALAXMI RUBTECH LIMITED,164,166.05,L
SKY GOLD LIMITED,262,266,L
IDEAFORGE TECHNO LTD,1114.45,1151.05,L
ARSHIYA LIMITED,4.35,4.4,L
AKASH INFRA-PROJECTS LTD,26,27,L
KSHITIJ POLYLINE LIMITED,5.55,5.8,L
AKG EXIM LIMITED,26.35,26.45,L
ORTIN LABORATORIES LTD,20.15,20.95,L
BOHRA INDUSTRIES LIMITED,57.35,60.35,L
VINNY OVERSEAS LIMITED,4.5,4.7,L
ATAM VALVES LIMITED,210,214,L
INFOLLION RESEARCH SER L,169,175,L
AARTECH SOLONICS LIMITED,111,117.4,L
GOLDSTAR POWER LIMITED,5.5,5.75,L
ROTO PUMPS LIMITED,370.4,372,L
AURO IMPEX & CHEMICALS L,55.25,57.35,L
URBAN ENVIRO WASTE MGMT L,120,123.1,L
GLOBAL PET INDUSTRIES LTD,50.2,51.5,L
FOURTH DIMENSION SOL L,15.35,15.65,L
NURECA LIMITED,350,351.4,L
MOS UTILITY LIMITED,89.8,90.2,L
GOI LOAN  7.25% 2063,99,99.01,L
ESSEN SPECIALITY FILMS L,128.25,135,L
MAGSON RETAIL AND DIST L,82.65,86.6,L

